00:00:00,00:15:00,Weekend Dic-Feb,1.0
00:00:00,00:15:00,Weekend Mar-Nov,4.833333333333333
03:00:00,03:15:00,Weekday Dic-Feb,1.0
05:15:00,05:30:00,Weekday Dic-Feb,12.934571175950486
05:15:00,05:30:00,Weekday Mar-Nov,13.61066145687971
05:30:00,05:45:00,Weekday Dic-Feb,16.15085536547434
05:30:00,05:45:00,Weekday Mar-Nov,19.715302491103202
05:45:00,06:00:00,Weekday Dic-Feb,33.186237845923706
05:45:00,06:00:00,Weekday Mar-Nov,37.51545632973504
05:45:00,06:00:00,Weekend Dic-Feb,11.248554913294798
05:45:00,06:00:00,Weekend Mar-Nov,9.650537634408602
06:00:00,06:15:00,Weekday Dic-Feb,44.9904831625183
06:00:00,06:15:00,Weekday Mar-Nov,52.19384765625
06:00:00,06:15:00,Weekend Dic-Feb,16.763392857142858
06:00:00,06:15:00,Weekend Mar-Nov,21.938040345821324
06:15:00,06:30:00,Weekday Dic-Feb,52.284887924801154
06:15:00,06:30:00,Weekday Mar-Nov,61.33713315546932
06:15:00,06:30:00,Weekend Dic-Feb,15.945701357466064
06:15:00,06:30:00,Weekend Mar-Nov,19.588757396449704
06:30:00,06:45:00,Weekday Dic-Feb,66.08848920863309
06:30:00,06:45:00,Weekday Mar-Nov,81.65417170495768
06:30:00,06:45:00,Weekend Dic-Feb,23.012820512820515
06:30:00,06:45:00,Weekend Mar-Nov,27.398852223816355
06:45:00,07:00:00,Weekday Dic-Feb,66.69442433019552
06:45:00,07:00:00,Weekday Mar-Nov,75.31322674418605
06:45:00,07:00:00,Weekend Dic-Feb,19.142857142857142
06:45:00,07:00:00,Weekend Mar-Nov,30.509516837481698
07:00:00,07:15:00,Weekday Dic-Feb,83.84516129032258
07:00:00,07:15:00,Weekday Mar-Nov,105.0910843373494
07:00:00,07:15:00,Weekend Dic-Feb,30.395061728395063
07:00:00,07:15:00,Weekend Mar-Nov,37.88951048951049
07:15:00,07:30:00,Weekday Dic-Feb,84.56340057636888
07:15:00,07:30:00,Weekday Mar-Nov,90.38498789346247
07:15:00,07:30:00,Weekend Dic-Feb,30.28048780487805
07:15:00,07:30:00,Weekend Mar-Nov,37.262793914246195
07:30:00,07:45:00,Weekday Dic-Feb,88.46126510305615
07:30:00,07:45:00,Weekday Mar-Nov,111.7545953688231
07:30:00,07:45:00,Weekend Dic-Feb,25.653061224489797
07:30:00,07:45:00,Weekend Mar-Nov,30.3988684582744
07:45:00,08:00:00,Weekday Dic-Feb,99.26957113682778
07:45:00,08:00:00,Weekday Mar-Nov,105.1417808219178
07:45:00,08:00:00,Weekend Dic-Feb,24.25646551724138
07:45:00,08:00:00,Weekend Mar-Nov,31.125614035087718
08:00:00,08:15:00,Weekday Dic-Feb,87.39398084815322
08:00:00,08:15:00,Weekday Mar-Nov,100.98023442886692
08:00:00,08:15:00,Weekend Dic-Feb,24.941935483870967
08:00:00,08:15:00,Weekend Mar-Nov,27.615065653075327
08:15:00,08:30:00,Weekday Dic-Feb,93.64207650273224
08:15:00,08:30:00,Weekday Mar-Nov,112.60292104062071
08:15:00,08:30:00,Weekend Dic-Feb,28.81684210526316
08:15:00,08:30:00,Weekend Mar-Nov,33.381048387096776
08:30:00,08:45:00,Weekday Dic-Feb,106.62270564242013
08:30:00,08:45:00,Weekday Mar-Nov,118.2533729705008
08:30:00,08:45:00,Weekend Dic-Feb,27.684989429175477
08:30:00,08:45:00,Weekend Mar-Nov,30.466084620550706
08:45:00,09:00:00,Weekday Dic-Feb,88.00608108108108
08:45:00,09:00:00,Weekday Mar-Nov,102.12225776965265
08:45:00,09:00:00,Weekend Dic-Feb,27.92887029288703
08:45:00,09:00:00,Weekend Mar-Nov,32.00397877984085
09:00:00,09:15:00,Weekday Dic-Feb,79.23945578231293
09:00:00,09:15:00,Weekday Mar-Nov,92.0202089009991
09:00:00,09:15:00,Weekend Dic-Feb,26.626304801670145
09:00:00,09:15:00,Weekend Mar-Nov,29.91537944929483
09:15:00,09:30:00,Weekday Dic-Feb,70.6186953597848
09:15:00,09:30:00,Weekday Mar-Nov,78.22375878485605
09:15:00,09:30:00,Weekend Dic-Feb,27.291322314049587
09:15:00,09:30:00,Weekend Mar-Nov,32.490629183400266
09:30:00,09:45:00,Weekday Dic-Feb,58.67180174146015
09:30:00,09:45:00,Weekday Mar-Nov,64.28735632183908
09:30:00,09:45:00,Weekend Dic-Feb,25.817073170731707
09:30:00,09:45:00,Weekend Mar-Nov,32.653922214897825
09:45:00,10:00:00,Weekday Dic-Feb,57.831220813875916
09:45:00,10:00:00,Weekday Mar-Nov,61.38171197483712
09:45:00,10:00:00,Weekend Dic-Feb,25.58884297520661
09:45:00,10:00:00,Weekend Mar-Nov,28.734312416555408
10:00:00,10:15:00,Weekday Dic-Feb,47.98624484181568
10:00:00,10:15:00,Weekday Mar-Nov,51.125390450691654
10:00:00,10:15:00,Weekend Dic-Feb,21.07066381156317
10:00:00,10:15:00,Weekend Mar-Nov,24.656207366984994
10:15:00,10:30:00,Weekday Dic-Feb,37.37832310838446
10:15:00,10:30:00,Weekday Mar-Nov,40.022316447221606
10:15:00,10:30:00,Weekend Dic-Feb,24.61758691206544
10:15:00,10:30:00,Weekend Mar-Nov,28.921864740643468
10:30:00,10:45:00,Weekday Dic-Feb,36.674418604651166
10:30:00,10:45:00,Weekday Mar-Nov,38.794575366829704
10:30:00,10:45:00,Weekend Dic-Feb,22.9727463312369
10:30:00,10:45:00,Weekend Mar-Nov,28.121333333333332
10:45:00,11:00:00,Weekday Dic-Feb,38.80774456521739
10:45:00,11:00:00,Weekday Mar-Nov,39.124722592099424
10:45:00,11:00:00,Weekend Dic-Feb,21.012684989429175
10:45:00,11:00:00,Weekend Mar-Nov,24.40814963259853
11:00:00,11:15:00,Weekday Dic-Feb,31.588866532528506
11:00:00,11:15:00,Weekday Mar-Nov,35.47433903576983
11:00:00,11:15:00,Weekend Dic-Feb,26.324489795918367
11:00:00,11:15:00,Weekend Mar-Nov,29.777483443708608
11:15:00,11:30:00,Weekday Dic-Feb,34.51794177386594
11:15:00,11:30:00,Weekday Mar-Nov,37.62018266874583
11:15:00,11:30:00,Weekend Dic-Feb,18.472916666666666
11:15:00,11:30:00,Weekend Mar-Nov,25.007994670219855
11:30:00,11:45:00,Weekday Dic-Feb,33.68314150304672
11:30:00,11:45:00,Weekday Mar-Nov,34.97207951753406
11:30:00,11:45:00,Weekend Dic-Feb,23.158333333333335
11:30:00,11:45:00,Weekend Mar-Nov,25.840185676392572
11:45:00,12:00:00,Weekday Dic-Feb,31.120274914089347
11:45:00,12:00:00,Weekday Mar-Nov,33.663622187569615
11:45:00,12:00:00,Weekend Dic-Feb,19.865145228215766
11:45:00,12:00:00,Weekend Mar-Nov,26.45514950166113
12:00:00,12:15:00,Weekday Dic-Feb,29.66875871687587
12:00:00,12:15:00,Weekday Mar-Nov,32.531431119037
12:00:00,12:15:00,Weekend Dic-Feb,20.608247422680414
12:00:00,12:15:00,Weekend Mar-Nov,25.01437908496732
12:15:00,12:30:00,Weekday Dic-Feb,28.675070028011206
12:15:00,12:30:00,Weekday Mar-Nov,33.243935010015576
12:15:00,12:30:00,Weekend Dic-Feb,21.84536082474227
12:15:00,12:30:00,Weekend Mar-Nov,27.519028871391075
12:30:00,12:45:00,Weekday Dic-Feb,35.05759888965996
12:30:00,12:45:00,Weekday Mar-Nov,38.0265604249668
12:30:00,12:45:00,Weekend Dic-Feb,19.342494714587737
12:30:00,12:45:00,Weekend Mar-Nov,25.160550458715598
12:45:00,13:00:00,Weekday Dic-Feb,21.326746647847564
12:45:00,13:00:00,Weekday Mar-Nov,26.757725033587104
12:45:00,13:00:00,Weekend Dic-Feb,19.658333333333335
12:45:00,13:00:00,Weekend Mar-Nov,23.281002638522427
13:00:00,13:15:00,Weekday Dic-Feb,31.21027397260274
13:00:00,13:15:00,Weekday Mar-Nov,39.77514923723193
13:00:00,13:15:00,Weekend Dic-Feb,22.80808080808081
13:00:00,13:15:00,Weekend Mar-Nov,28.124106562703055
13:15:00,13:30:00,Weekday Dic-Feb,29.799168975069254
13:15:00,13:30:00,Weekday Mar-Nov,40.76210387323944
13:15:00,13:30:00,Weekend Dic-Feb,18.44375
13:15:00,13:30:00,Weekend Mar-Nov,23.875083056478406
13:30:00,13:45:00,Weekday Dic-Feb,28.452513966480446
13:30:00,13:45:00,Weekday Mar-Nov,37.86309260079752
13:30:00,13:45:00,Weekend Dic-Feb,16.622844827586206
13:30:00,13:45:00,Weekend Mar-Nov,21.120654396728018
13:45:00,14:00:00,Weekday Dic-Feb,23.296478873239437
13:45:00,14:00:00,Weekday Mar-Nov,33.096248325145154
13:45:00,14:00:00,Weekend Dic-Feb,16.815352697095435
13:45:00,14:00:00,Weekend Mar-Nov,22.993987975951903
14:00:00,14:15:00,Weekday Dic-Feb,24.375524475524475
14:00:00,14:15:00,Weekday Mar-Nov,29.694834617127324
14:00:00,14:15:00,Weekend Dic-Feb,16.195652173913043
14:00:00,14:15:00,Weekend Mar-Nov,21.02108843537415
14:15:00,14:30:00,Weekday Dic-Feb,23.589136490250695
14:15:00,14:30:00,Weekday Mar-Nov,28.740203850509626
14:15:00,14:30:00,Weekend Dic-Feb,19.232967032967032
14:15:00,14:30:00,Weekend Mar-Nov,23.497975708502025
14:30:00,14:45:00,Weekday Dic-Feb,25.225806451612904
14:30:00,14:45:00,Weekday Mar-Nov,28.575546048187345
14:30:00,14:45:00,Weekend Dic-Feb,17.42887473460722
14:30:00,14:45:00,Weekend Mar-Nov,20.170068027210885
14:45:00,15:00:00,Weekday Dic-Feb,20.7280276816609
14:45:00,15:00:00,Weekday Mar-Nov,25.76827896512936
14:45:00,15:00:00,Weekend Dic-Feb,14.819444444444445
14:45:00,15:00:00,Weekend Mar-Nov,18.266713091922007
15:00:00,15:15:00,Weekday Dic-Feb,21.474043715846996
15:00:00,15:15:00,Weekday Mar-Nov,24.981179138321995
15:00:00,15:15:00,Weekend Dic-Feb,16.553846153846155
15:00:00,15:15:00,Weekend Mar-Nov,22.869276708692766
15:15:00,15:30:00,Weekday Dic-Feb,19.221598877980366
15:15:00,15:30:00,Weekday Mar-Nov,23.482633371169126
15:15:00,15:30:00,Weekend Dic-Feb,15.56787330316742
15:15:00,15:30:00,Weekend Mar-Nov,21.4254617414248
15:30:00,15:45:00,Weekday Dic-Feb,22.356944444444444
15:30:00,15:45:00,Weekday Mar-Nov,24.984555984555985
15:30:00,15:45:00,Weekend Dic-Feb,16.33187772925764
15:30:00,15:45:00,Weekend Mar-Nov,19.79027962716378
15:45:00,16:00:00,Weekday Dic-Feb,19.42347288949897
15:45:00,16:00:00,Weekday Mar-Nov,23.352552415679124
15:45:00,16:00:00,Weekend Dic-Feb,17.728476821192054
15:45:00,16:00:00,Weekend Mar-Nov,23.30489417989418
16:00:00,16:15:00,Weekday Dic-Feb,22.336059986366735
16:00:00,16:15:00,Weekday Mar-Nov,24.30045045045045
16:00:00,16:15:00,Weekend Dic-Feb,16.770240700218817
16:00:00,16:15:00,Weekend Mar-Nov,20.97944297082228
16:15:00,16:30:00,Weekday Dic-Feb,19.66689513365319
16:15:00,16:30:00,Weekday Mar-Nov,23.91063829787234
16:15:00,16:30:00,Weekend Dic-Feb,19.439834024896264
16:15:00,16:30:00,Weekend Mar-Nov,22.616580310880828
16:30:00,16:45:00,Weekday Dic-Feb,22.602890571231935
16:30:00,16:45:00,Weekday Mar-Nov,25.40851348339648
16:30:00,16:45:00,Weekend Dic-Feb,17.361702127659573
16:30:00,16:45:00,Weekend Mar-Nov,23.657198192382182
16:45:00,17:00:00,Weekday Dic-Feb,17.87551867219917
16:45:00,17:00:00,Weekday Mar-Nov,21.276065276518587
16:45:00,17:00:00,Weekend Dic-Feb,14.929978118161925
16:45:00,17:00:00,Weekend Mar-Nov,18.27193569993302
17:00:00,17:15:00,Weekday Dic-Feb,22.14570446735395
17:00:00,17:15:00,Weekday Mar-Nov,24.98799002945842
17:00:00,17:15:00,Weekend Dic-Feb,19.411134903640257
17:00:00,17:15:00,Weekend Mar-Nov,23.610539845758353
17:15:00,17:30:00,Weekday Dic-Feb,20.79684282772821
17:15:00,17:30:00,Weekday Mar-Nov,26.133910271008883
17:15:00,17:30:00,Weekend Dic-Feb,15.85934065934066
17:15:00,17:30:00,Weekend Mar-Nov,19.04930966469428
17:30:00,17:45:00,Weekday Dic-Feb,18.216402481047552
17:30:00,17:45:00,Weekday Mar-Nov,22.258457997698503
17:30:00,17:45:00,Weekend Dic-Feb,16.15904139433551
17:30:00,17:45:00,Weekend Mar-Nov,18.627084723148766
17:45:00,18:00:00,Weekday Dic-Feb,19.449484536082473
17:45:00,18:00:00,Weekday Mar-Nov,25.14177737059093
17:45:00,18:00:00,Weekend Dic-Feb,17.036093418259025
17:45:00,18:00:00,Weekend Mar-Nov,20.512402088772845
18:00:00,18:15:00,Weekday Dic-Feb,18.895460797799174
18:00:00,18:15:00,Weekday Mar-Nov,24.34505594884677
18:00:00,18:15:00,Weekend Dic-Feb,15.838709677419354
18:00:00,18:15:00,Weekend Mar-Nov,19.563624250499668
18:15:00,18:30:00,Weekday Dic-Feb,17.26718639262934
18:15:00,18:30:00,Weekday Mar-Nov,20.75615933686392
18:15:00,18:30:00,Weekend Dic-Feb,17.713024282560706
18:15:00,18:30:00,Weekend Mar-Nov,20.672751859364435
18:30:00,18:45:00,Weekday Dic-Feb,16.917142857142856
18:30:00,18:45:00,Weekday Mar-Nov,21.8934691987031
18:30:00,18:45:00,Weekend Dic-Feb,15.582022471910113
18:30:00,18:45:00,Weekend Mar-Nov,18.951252538930262
18:45:00,19:00:00,Weekday Dic-Feb,14.956108266276518
18:45:00,19:00:00,Weekday Mar-Nov,17.40875912408759
18:45:00,19:00:00,Weekend Dic-Feb,13.170786516853932
18:45:00,19:00:00,Weekend Mar-Nov,16.641873278236915
19:00:00,19:15:00,Weekday Dic-Feb,14.364161849710984
19:00:00,19:15:00,Weekday Mar-Nov,16.13276434329066
19:00:00,19:15:00,Weekend Dic-Feb,16.82126696832579
19:00:00,19:15:00,Weekend Mar-Nov,20.404953145917002
19:15:00,19:30:00,Weekday Dic-Feb,14.31891495601173
19:15:00,19:30:00,Weekday Mar-Nov,16.58458244111349
19:15:00,19:30:00,Weekend Dic-Feb,14.412037037037036
19:15:00,19:30:00,Weekend Mar-Nov,17.89951823812801
19:30:00,19:45:00,Weekday Dic-Feb,10.911969111969112
19:30:00,19:45:00,Weekday Mar-Nov,12.790218470705064
19:30:00,19:45:00,Weekend Dic-Feb,14.217494089834515
19:30:00,19:45:00,Weekend Mar-Nov,17.374822190611663
19:45:00,20:00:00,Weekday Dic-Feb,11.400157232704403
19:45:00,20:00:00,Weekday Mar-Nov,11.331874356333676
19:45:00,20:00:00,Weekend Dic-Feb,14.773148148148149
19:45:00,20:00:00,Weekend Mar-Nov,17.690526315789473
20:00:00,20:15:00,Weekday Dic-Feb,13.01468315301391
20:00:00,20:15:00,Weekday Mar-Nov,14.717169136433316
20:00:00,20:15:00,Weekend Dic-Feb,14.234624145785878
20:00:00,20:15:00,Weekend Mar-Nov,17.246753246753247
20:15:00,20:30:00,Weekday Dic-Feb,11.250393700787402
20:15:00,20:30:00,Weekday Mar-Nov,11.61839956450735
20:15:00,20:30:00,Weekend Dic-Feb,13.454128440366972
20:15:00,20:30:00,Weekend Mar-Nov,15.757597684515195
20:30:00,20:45:00,Weekday Dic-Feb,10.647385103011093
20:30:00,20:45:00,Weekday Mar-Nov,11.901785714285714
20:30:00,20:45:00,Weekend Dic-Feb,13.13022113022113
20:30:00,20:45:00,Weekend Mar-Nov,14.851190476190476
20:45:00,21:00:00,Weekday Dic-Feb,9.474123539232053
20:45:00,21:00:00,Weekday Mar-Nov,10.555258467023172
20:45:00,21:00:00,Weekend Dic-Feb,11.455882352941176
20:45:00,21:00:00,Weekend Mar-Nov,13.11198738170347
21:00:00,21:15:00,Weekday Dic-Feb,7.361979166666667
21:00:00,21:15:00,Weekday Mar-Nov,9.593277829170521
21:00:00,21:15:00,Weekend Dic-Feb,11.313471502590673
21:00:00,21:15:00,Weekend Mar-Nov,12.98506289308176
21:15:00,21:30:00,Weekday Dic-Feb,7.24865831842576
21:15:00,21:30:00,Weekday Mar-Nov,8.75
21:15:00,21:30:00,Weekend Dic-Feb,8.925619834710744
21:15:00,21:30:00,Weekend Mar-Nov,10.100331674958541
21:30:00,21:45:00,Weekday Dic-Feb,6.143396226415095
21:30:00,21:45:00,Weekday Mar-Nov,7.82807832724859
21:30:00,21:45:00,Weekend Dic-Feb,8.926345609065155
21:30:00,21:45:00,Weekend Mar-Nov,8.901060070671377
21:45:00,22:00:00,Weekday Dic-Feb,5.1845841784989855
21:45:00,22:00:00,Weekday Mar-Nov,6.290024849130281
21:45:00,22:00:00,Weekend Dic-Feb,7.351032448377581
21:45:00,22:00:00,Weekend Mar-Nov,7.478221415607986
22:00:00,22:15:00,Weekday Dic-Feb,5.143434343434343
22:00:00,22:15:00,Weekday Mar-Nov,5.953571428571428
22:00:00,22:15:00,Weekend Dic-Feb,8.162079510703364
22:00:00,22:15:00,Weekend Mar-Nov,6.142292490118577
22:15:00,22:30:00,Weekday Dic-Feb,4.721132897603486
22:15:00,22:30:00,Weekday Mar-Nov,4.514297385620915
22:15:00,22:30:00,Weekend Dic-Feb,4.82520325203252
22:15:00,22:30:00,Weekend Mar-Nov,4.407928388746803
22:30:00,22:45:00,Weekday Dic-Feb,4.632882882882883
22:30:00,22:45:00,Weekday Mar-Nov,4.636859781696054
22:30:00,22:45:00,Weekend Dic-Feb,6.393258426966292
22:30:00,22:45:00,Weekend Mar-Nov,5.221556886227545
22:45:00,23:00:00,Weekday Dic-Feb,3.6491002570694087
22:45:00,23:00:00,Weekday Mar-Nov,3.7714987714987713
22:45:00,23:00:00,Weekend Dic-Feb,5.324074074074074
22:45:00,23:00:00,Weekend Mar-Nov,4.863768115942029
23:00:00,23:15:00,Weekday Dic-Feb,2.8397534668721107
23:00:00,23:15:00,Weekday Mar-Nov,2.9044740024183797
23:00:00,23:15:00,Weekend Dic-Feb,3.625
23:00:00,23:15:00,Weekend Mar-Nov,2.590643274853801
23:15:00,23:30:00,Weekday Dic-Feb,1.4482758620689655
23:15:00,23:30:00,Weekday Mar-Nov,1.4711538461538463
23:15:00,23:30:00,Weekend Dic-Feb,3.5194805194805197
23:15:00,23:30:00,Weekend Mar-Nov,4.328638497652582
23:30:00,23:45:00,Weekend Dic-Feb,3.3714285714285714
23:30:00,23:45:00,Weekend Mar-Nov,2.6140350877192984
23:45:00,00:00:00,Weekend Dic-Feb,1.2
23:45:00,00:00:00,Weekend Mar-Nov,2.4166666666666665
