00:00:00,00:15:00,Dic-Feb,Domingo,1.0
00:00:00,00:15:00,Mar-Nov,Domingo,4.833333333333333
03:00:00,03:15:00,Dic-Feb,Miércoles,1.0
05:15:00,05:30:00,Dic-Feb,Jueves,13.834645669291339
05:15:00,05:30:00,Dic-Feb,Lunes,11.41304347826087
05:15:00,05:30:00,Dic-Feb,Martes,13.058252427184467
05:15:00,05:30:00,Dic-Feb,Miércoles,13.93719806763285
05:15:00,05:30:00,Dic-Feb,Viernes,12.457264957264957
05:15:00,05:30:00,Mar-Nov,Jueves,12.81524926686217
05:15:00,05:30:00,Mar-Nov,Lunes,14.424501424501425
05:15:00,05:30:00,Mar-Nov,Martes,13.831550802139038
05:15:00,05:30:00,Mar-Nov,Miércoles,13.655359565807327
05:15:00,05:30:00,Mar-Nov,Viernes,13.292717086834735
05:30:00,05:45:00,Dic-Feb,Jueves,17.296028880866427
05:30:00,05:45:00,Dic-Feb,Lunes,14.861538461538462
05:30:00,05:45:00,Dic-Feb,Martes,16.071428571428573
05:30:00,05:45:00,Dic-Feb,Miércoles,16.98406374501992
05:30:00,05:45:00,Dic-Feb,Viernes,15.488461538461538
05:30:00,05:45:00,Mar-Nov,Jueves,19.244094488188978
05:30:00,05:45:00,Mar-Nov,Lunes,20.236942675159234
05:30:00,05:45:00,Mar-Nov,Martes,18.163111668757843
05:30:00,05:45:00,Mar-Nov,Miércoles,19.545682102628284
05:30:00,05:45:00,Mar-Nov,Viernes,21.38685208596713
05:45:00,06:00:00,Dic-Feb,Jueves,32.72791519434629
05:45:00,06:00:00,Dic-Feb,Lunes,33.99604743083004
05:45:00,06:00:00,Dic-Feb,Martes,32.02135231316726
05:45:00,06:00:00,Dic-Feb,Miércoles,32.67063492063492
05:45:00,06:00:00,Dic-Feb,Sábado,11.248554913294798
05:45:00,06:00:00,Dic-Feb,Viernes,34.61194029850746
05:45:00,06:00:00,Mar-Nov,Jueves,36.973111395646605
05:45:00,06:00:00,Mar-Nov,Lunes,40.131645569620254
05:45:00,06:00:00,Mar-Nov,Martes,38.914081145584724
05:45:00,06:00:00,Mar-Nov,Miércoles,36.93238434163701
05:45:00,06:00:00,Mar-Nov,Sábado,9.650537634408602
05:45:00,06:00:00,Mar-Nov,Viernes,34.695388349514566
06:00:00,06:15:00,Dic-Feb,Jueves,49.31944444444444
06:00:00,06:15:00,Dic-Feb,Lunes,44.5910780669145
06:00:00,06:15:00,Dic-Feb,Martes,43.435087719298245
06:00:00,06:15:00,Dic-Feb,Miércoles,41.74418604651163
06:00:00,06:15:00,Dic-Feb,Sábado,16.763392857142858
06:00:00,06:15:00,Dic-Feb,Viernes,45.52255639097744
06:00:00,06:15:00,Mar-Nov,Jueves,53.713021491782555
06:00:00,06:15:00,Mar-Nov,Lunes,53.13399503722084
06:00:00,06:15:00,Mar-Nov,Martes,52.768307322929175
06:00:00,06:15:00,Mar-Nov,Miércoles,50.604018912529554
06:00:00,06:15:00,Mar-Nov,Sábado,21.938040345821324
06:00:00,06:15:00,Mar-Nov,Viernes,50.860975609756096
06:15:00,06:30:00,Dic-Feb,Jueves,54.85121107266436
06:15:00,06:30:00,Dic-Feb,Lunes,51.56934306569343
06:15:00,06:30:00,Dic-Feb,Martes,49.20618556701031
06:15:00,06:30:00,Dic-Feb,Miércoles,53.13899613899614
06:15:00,06:30:00,Dic-Feb,Sábado,15.945701357466064
06:15:00,06:30:00,Dic-Feb,Viernes,52.762962962962966
06:15:00,06:30:00,Mar-Nov,Jueves,58.50125
06:15:00,06:30:00,Mar-Nov,Lunes,64.66833541927409
06:15:00,06:30:00,Mar-Nov,Martes,61.7
06:15:00,06:30:00,Mar-Nov,Miércoles,61.15034965034965
06:15:00,06:30:00,Mar-Nov,Sábado,19.588757396449704
06:15:00,06:30:00,Mar-Nov,Viernes,60.686440677966104
06:30:00,06:45:00,Dic-Feb,Jueves,69.94117647058823
06:30:00,06:45:00,Dic-Feb,Lunes,63.77142857142857
06:30:00,06:45:00,Dic-Feb,Martes,61.55067567567568
06:30:00,06:45:00,Dic-Feb,Miércoles,66.71206225680933
06:30:00,06:45:00,Dic-Feb,Sábado,23.012820512820515
06:30:00,06:45:00,Dic-Feb,Viernes,68.76865671641791
06:30:00,06:45:00,Mar-Nov,Jueves,86.4055068836045
06:30:00,06:45:00,Mar-Nov,Lunes,82.48454882571076
06:30:00,06:45:00,Mar-Nov,Martes,81.38488783943329
06:30:00,06:45:00,Mar-Nov,Miércoles,79.7903981264637
06:30:00,06:45:00,Mar-Nov,Sábado,27.398852223816355
06:30:00,06:45:00,Mar-Nov,Viernes,78.44794188861985
06:45:00,07:00:00,Dic-Feb,Jueves,69.7027972027972
06:45:00,07:00:00,Dic-Feb,Lunes,67.18050541516246
06:45:00,07:00:00,Dic-Feb,Martes,55.53767123287671
06:45:00,07:00:00,Dic-Feb,Miércoles,65.89019607843137
06:45:00,07:00:00,Dic-Feb,Sábado,19.142857142857142
06:45:00,07:00:00,Dic-Feb,Viernes,75.80073800738008
06:45:00,07:00:00,Mar-Nov,Jueves,71.47176913425345
06:45:00,07:00:00,Mar-Nov,Lunes,76.75185185185185
06:45:00,07:00:00,Mar-Nov,Martes,78.99642431466032
06:45:00,07:00:00,Mar-Nov,Miércoles,73.13711583924349
06:45:00,07:00:00,Mar-Nov,Sábado,30.509516837481698
06:45:00,07:00:00,Mar-Nov,Viernes,76.08732057416267
07:00:00,07:15:00,Dic-Feb,Jueves,97.4567474048443
07:00:00,07:15:00,Dic-Feb,Lunes,81.39068100358423
07:00:00,07:15:00,Dic-Feb,Martes,76.32214765100672
07:00:00,07:15:00,Dic-Feb,Miércoles,88.1011673151751
07:00:00,07:15:00,Dic-Feb,Sábado,30.395061728395063
07:00:00,07:15:00,Dic-Feb,Viernes,76.12132352941177
07:00:00,07:15:00,Mar-Nov,Jueves,107.75
07:00:00,07:15:00,Mar-Nov,Lunes,101.935
07:00:00,07:15:00,Mar-Nov,Martes,109.05312868949233
07:00:00,07:15:00,Mar-Nov,Miércoles,103.48658109684948
07:00:00,07:15:00,Mar-Nov,Sábado,37.88951048951049
07:00:00,07:15:00,Mar-Nov,Viernes,103.19833729216153
07:15:00,07:30:00,Dic-Feb,Jueves,88.51724137931035
07:15:00,07:30:00,Dic-Feb,Lunes,78.16967509025271
07:15:00,07:30:00,Dic-Feb,Martes,78.67905405405405
07:15:00,07:30:00,Dic-Feb,Miércoles,90.66403162055336
07:15:00,07:30:00,Dic-Feb,Sábado,30.28048780487805
07:15:00,07:30:00,Dic-Feb,Viernes,87.58823529411765
07:15:00,07:30:00,Mar-Nov,Jueves,85.94402035623409
07:15:00,07:30:00,Mar-Nov,Lunes,92.07063197026022
07:15:00,07:30:00,Mar-Nov,Martes,95.7508896797153
07:15:00,07:30:00,Mar-Nov,Miércoles,88.10187353629976
07:15:00,07:30:00,Mar-Nov,Sábado,37.262793914246195
07:15:00,07:30:00,Mar-Nov,Viernes,89.85714285714286
07:30:00,07:45:00,Dic-Feb,Jueves,88.58561643835617
07:30:00,07:45:00,Dic-Feb,Lunes,92.12589928057554
07:30:00,07:45:00,Dic-Feb,Martes,73.61842105263158
07:30:00,07:45:00,Dic-Feb,Miércoles,98.14007782101167
07:30:00,07:45:00,Dic-Feb,Sábado,25.653061224489797
07:30:00,07:45:00,Dic-Feb,Viernes,91.97463768115942
07:30:00,07:45:00,Mar-Nov,Jueves,117.09363295880149
07:30:00,07:45:00,Mar-Nov,Lunes,111.64019851116625
07:30:00,07:45:00,Mar-Nov,Martes,112.17640186915888
07:30:00,07:45:00,Mar-Nov,Miércoles,110.24626006904488
07:30:00,07:45:00,Mar-Nov,Sábado,30.3988684582744
07:30:00,07:45:00,Mar-Nov,Viernes,107.9801633605601
07:45:00,08:00:00,Dic-Feb,Domingo,11.0
07:45:00,08:00:00,Dic-Feb,Jueves,123.63103448275862
07:45:00,08:00:00,Dic-Feb,Lunes,90.96496815286625
07:45:00,08:00:00,Dic-Feb,Martes,89.3695652173913
07:45:00,08:00:00,Dic-Feb,Miércoles,93.32962962962964
07:45:00,08:00:00,Dic-Feb,Sábado,35.902834008097166
07:45:00,08:00:00,Dic-Feb,Viernes,100.49450549450549
07:45:00,08:00:00,Mar-Nov,Domingo,11.92879746835443
07:45:00,08:00:00,Mar-Nov,Jueves,105.73301549463648
07:45:00,08:00:00,Mar-Nov,Lunes,103.30140186915888
07:45:00,08:00:00,Mar-Nov,Martes,106.0762331838565
07:45:00,08:00:00,Mar-Nov,Miércoles,112.71963677639046
07:45:00,08:00:00,Mar-Nov,Sábado,46.424968474148805
07:45:00,08:00:00,Mar-Nov,Viernes,98.09100877192982
08:00:00,08:15:00,Dic-Feb,Domingo,10.819444444444445
08:00:00,08:15:00,Dic-Feb,Jueves,96.96587030716724
08:00:00,08:15:00,Dic-Feb,Lunes,79.61783439490446
08:00:00,08:15:00,Dic-Feb,Martes,81.11006289308176
08:00:00,08:15:00,Dic-Feb,Miércoles,86.22053231939164
08:00:00,08:15:00,Dic-Feb,Sábado,37.19277108433735
08:00:00,08:15:00,Dic-Feb,Viernes,94.48905109489051
08:00:00,08:15:00,Mar-Nov,Domingo,10.330860534124628
08:00:00,08:15:00,Mar-Nov,Jueves,105.77224199288256
08:00:00,08:15:00,Mar-Nov,Lunes,96.25298329355608
08:00:00,08:15:00,Mar-Nov,Martes,106.08108108108108
08:00:00,08:15:00,Mar-Nov,Miércoles,101.03550973654066
08:00:00,08:15:00,Mar-Nov,Sábado,42.685640362225094
08:00:00,08:15:00,Mar-Nov,Viernes,95.85808580858085
08:15:00,08:30:00,Dic-Feb,Domingo,14.076576576576576
08:15:00,08:30:00,Dic-Feb,Jueves,112.34237288135593
08:15:00,08:30:00,Dic-Feb,Lunes,85.40967741935484
08:15:00,08:30:00,Dic-Feb,Martes,88.45171339563863
08:15:00,08:30:00,Dic-Feb,Miércoles,92.21933085501858
08:15:00,08:30:00,Dic-Feb,Sábado,41.75098814229249
08:15:00,08:30:00,Dic-Feb,Viernes,90.23791821561338
08:15:00,08:30:00,Mar-Nov,Domingo,14.21613832853026
08:15:00,08:30:00,Mar-Nov,Jueves,114.45017584994139
08:15:00,08:30:00,Mar-Nov,Lunes,109.12619047619047
08:15:00,08:30:00,Mar-Nov,Martes,116.02911534154535
08:15:00,08:30:00,Mar-Nov,Miércoles,113.32163080407702
08:15:00,08:30:00,Mar-Nov,Sábado,50.132241813602015
08:15:00,08:30:00,Mar-Nov,Viernes,110.02957283680175
08:30:00,08:45:00,Dic-Feb,Domingo,12.549107142857142
08:30:00,08:45:00,Dic-Feb,Jueves,119.5738255033557
08:30:00,08:45:00,Dic-Feb,Lunes,96.8538961038961
08:30:00,08:45:00,Dic-Feb,Martes,91.62345679012346
08:30:00,08:45:00,Dic-Feb,Miércoles,113.25461254612546
08:30:00,08:45:00,Dic-Feb,Sábado,41.30120481927711
08:30:00,08:45:00,Dic-Feb,Viernes,114.81481481481481
08:30:00,08:45:00,Mar-Nov,Domingo,14.536443148688047
08:30:00,08:45:00,Mar-Nov,Jueves,126.1068524970964
08:30:00,08:45:00,Mar-Nov,Lunes,118.27675276752767
08:30:00,08:45:00,Mar-Nov,Martes,118.02015677491602
08:30:00,08:45:00,Mar-Nov,Miércoles,120.46224256292906
08:30:00,08:45:00,Mar-Nov,Sábado,44.0747198007472
08:30:00,08:45:00,Mar-Nov,Viernes,109.12982832618026
08:45:00,09:00:00,Dic-Feb,Domingo,13.776785714285714
08:45:00,09:00:00,Dic-Feb,Jueves,105.32068965517242
08:45:00,09:00:00,Dic-Feb,Lunes,76.71518987341773
08:45:00,09:00:00,Dic-Feb,Martes,84.3944099378882
08:45:00,09:00:00,Dic-Feb,Miércoles,89.24363636363637
08:45:00,09:00:00,Dic-Feb,Sábado,40.40944881889764
08:45:00,09:00:00,Dic-Feb,Viernes,85.72924187725631
08:45:00,09:00:00,Mar-Nov,Domingo,15.028011204481793
08:45:00,09:00:00,Mar-Nov,Jueves,107.6794425087108
08:45:00,09:00:00,Mar-Nov,Lunes,94.70761670761671
08:45:00,09:00:00,Mar-Nov,Martes,111.76116071428571
08:45:00,09:00:00,Mar-Nov,Miércoles,105.04218928164197
08:45:00,09:00:00,Mar-Nov,Sábado,47.269521410579344
08:45:00,09:00:00,Mar-Nov,Viernes,91.4040948275862
09:00:00,09:15:00,Dic-Feb,Domingo,14.850877192982455
09:00:00,09:15:00,Dic-Feb,Jueves,88.91582491582491
09:00:00,09:15:00,Dic-Feb,Lunes,79.13461538461539
09:00:00,09:15:00,Dic-Feb,Martes,68.24299065420561
09:00:00,09:15:00,Dic-Feb,Miércoles,76.46441947565543
09:00:00,09:15:00,Dic-Feb,Sábado,37.322709163346616
09:00:00,09:15:00,Dic-Feb,Viernes,84.47619047619048
09:00:00,09:15:00,Mar-Nov,Domingo,16.656695156695157
09:00:00,09:15:00,Mar-Nov,Jueves,95.39561707035756
09:00:00,09:15:00,Mar-Nov,Lunes,88.51794258373205
09:00:00,09:15:00,Mar-Nov,Martes,90.12415349887134
09:00:00,09:15:00,Mar-Nov,Miércoles,99.70181405895691
09:00:00,09:15:00,Mar-Nov,Sábado,41.742058449809406
09:00:00,09:15:00,Mar-Nov,Viernes,86.56055734190782
09:15:00,09:30:00,Dic-Feb,Domingo,14.20675105485232
09:15:00,09:30:00,Dic-Feb,Jueves,77.67118644067797
09:15:00,09:30:00,Dic-Feb,Lunes,66.84345047923323
09:15:00,09:30:00,Dic-Feb,Martes,64.59752321981424
09:15:00,09:30:00,Dic-Feb,Miércoles,77.24727272727273
09:15:00,09:30:00,Dic-Feb,Sábado,39.84615384615385
09:15:00,09:30:00,Dic-Feb,Viernes,67.8540925266904
09:15:00,09:30:00,Mar-Nov,Domingo,14.859598853868194
09:15:00,09:30:00,Mar-Nov,Jueves,75.99653579676675
09:15:00,09:30:00,Mar-Nov,Lunes,75.20574162679426
09:15:00,09:30:00,Mar-Nov,Martes,85.83147321428571
09:15:00,09:30:00,Mar-Nov,Miércoles,79.41223103057757
09:15:00,09:30:00,Mar-Nov,Sábado,47.95100502512563
09:15:00,09:30:00,Mar-Nov,Viernes,74.552688172043
09:30:00,09:45:00,Dic-Feb,Domingo,15.764462809917354
09:30:00,09:45:00,Dic-Feb,Jueves,67.37
09:30:00,09:45:00,Dic-Feb,Lunes,55.86305732484077
09:30:00,09:45:00,Dic-Feb,Martes,54.71028037383178
09:30:00,09:45:00,Dic-Feb,Miércoles,58.945454545454545
09:30:00,09:45:00,Dic-Feb,Sábado,35.548
09:30:00,09:45:00,Dic-Feb,Viernes,56.79505300353357
09:30:00,09:45:00,Mar-Nov,Domingo,16.919444444444444
09:30:00,09:45:00,Mar-Nov,Jueves,68.76994219653179
09:30:00,09:45:00,Mar-Nov,Lunes,62.059838895281935
09:30:00,09:45:00,Mar-Nov,Martes,65.34904601571269
09:30:00,09:45:00,Mar-Nov,Miércoles,69.09194097616346
09:30:00,09:45:00,Mar-Nov,Sábado,46.868255959849435
09:30:00,09:45:00,Mar-Nov,Viernes,56.6390977443609
09:45:00,10:00:00,Dic-Feb,Domingo,13.949367088607595
09:45:00,10:00:00,Dic-Feb,Jueves,67.99322033898305
09:45:00,10:00:00,Dic-Feb,Lunes,50.65325077399381
09:45:00,10:00:00,Dic-Feb,Martes,47.62305295950156
09:45:00,10:00:00,Dic-Feb,Miércoles,63.1231884057971
09:45:00,10:00:00,Dic-Feb,Sábado,36.75708502024292
09:45:00,10:00:00,Dic-Feb,Viernes,61.83450704225352
09:45:00,10:00:00,Mar-Nov,Domingo,17.042918454935624
09:45:00,10:00:00,Mar-Nov,Jueves,60.78099652375435
09:45:00,10:00:00,Mar-Nov,Lunes,59.25836216839677
09:45:00,10:00:00,Mar-Nov,Martes,61.87680355160932
09:45:00,10:00:00,Mar-Nov,Miércoles,65.03037120359954
09:45:00,10:00:00,Mar-Nov,Sábado,38.96245306633292
09:45:00,10:00:00,Mar-Nov,Viernes,59.952738990332975
10:00:00,10:15:00,Dic-Feb,Domingo,10.282407407407407
10:00:00,10:15:00,Dic-Feb,Jueves,56.515151515151516
10:00:00,10:15:00,Dic-Feb,Lunes,39.99032258064516
10:00:00,10:15:00,Dic-Feb,Martes,42.9057239057239
10:00:00,10:15:00,Dic-Feb,Miércoles,48.12686567164179
10:00:00,10:15:00,Dic-Feb,Sábado,30.35458167330677
10:00:00,10:15:00,Dic-Feb,Viernes,53.01063829787234
10:00:00,10:15:00,Mar-Nov,Domingo,11.572496263079223
10:00:00,10:15:00,Mar-Nov,Jueves,53.195627157652474
10:00:00,10:15:00,Mar-Nov,Lunes,45.2429696287964
10:00:00,10:15:00,Mar-Nov,Martes,52.07214206437292
10:00:00,10:15:00,Mar-Nov,Miércoles,51.73033707865169
10:00:00,10:15:00,Mar-Nov,Sábado,35.638644918444164
10:00:00,10:15:00,Mar-Nov,Viernes,53.31082529474813
10:15:00,10:30:00,Dic-Feb,Domingo,20.69327731092437
10:15:00,10:30:00,Dic-Feb,Jueves,38.295081967213115
10:15:00,10:30:00,Dic-Feb,Lunes,34.87662337662338
10:15:00,10:30:00,Dic-Feb,Martes,34.84466019417476
10:15:00,10:30:00,Dic-Feb,Miércoles,41.85114503816794
10:15:00,10:30:00,Dic-Feb,Sábado,28.338645418326692
10:15:00,10:30:00,Dic-Feb,Viernes,37.73851590106007
10:15:00,10:30:00,Mar-Nov,Domingo,21.839506172839506
10:15:00,10:30:00,Mar-Nov,Jueves,42.13425925925926
10:15:00,10:30:00,Mar-Nov,Lunes,38.75959367945824
10:15:00,10:30:00,Mar-Nov,Martes,40.50382513661202
10:15:00,10:30:00,Mar-Nov,Miércoles,40.63217097862767
10:15:00,10:30:00,Mar-Nov,Sábado,35.424433249370274
10:15:00,10:30:00,Mar-Nov,Viernes,38.200647249190936
10:30:00,10:45:00,Dic-Feb,Domingo,15.776315789473685
10:30:00,10:45:00,Dic-Feb,Jueves,39.737541528239205
10:30:00,10:45:00,Dic-Feb,Lunes,33.04575163398693
10:30:00,10:45:00,Dic-Feb,Martes,33.794871794871796
10:30:00,10:45:00,Dic-Feb,Miércoles,38.3041825095057
10:30:00,10:45:00,Dic-Feb,Sábado,29.562248995983936
10:30:00,10:45:00,Dic-Feb,Viernes,39.025
10:30:00,10:45:00,Mar-Nov,Domingo,18.55099150141643
10:30:00,10:45:00,Mar-Nov,Jueves,41.87917146144994
10:30:00,10:45:00,Mar-Nov,Lunes,36.06509539842873
10:30:00,10:45:00,Mar-Nov,Martes,38.30022075055188
10:30:00,10:45:00,Mar-Nov,Miércoles,37.533482142857146
10:30:00,10:45:00,Mar-Nov,Sábado,36.630982367758186
10:30:00,10:45:00,Mar-Nov,Viernes,40.21474358974359
10:45:00,11:00:00,Dic-Feb,Domingo,14.915929203539823
10:45:00,11:00:00,Dic-Feb,Jueves,44.6312292358804
10:45:00,11:00:00,Dic-Feb,Lunes,34.960912052117266
10:45:00,11:00:00,Dic-Feb,Martes,35.2
10:45:00,11:00:00,Dic-Feb,Miércoles,39.70943396226415
10:45:00,11:00:00,Dic-Feb,Sábado,26.591093117408906
10:45:00,11:00:00,Dic-Feb,Viernes,39.95422535211268
10:45:00,11:00:00,Mar-Nov,Domingo,17.320567375886526
10:45:00,11:00:00,Mar-Nov,Jueves,38.2945914844649
10:45:00,11:00:00,Mar-Nov,Lunes,37.3072625698324
10:45:00,11:00:00,Mar-Nov,Martes,38.890969162995596
10:45:00,11:00:00,Mar-Nov,Miércoles,41.605790645879736
10:45:00,11:00:00,Mar-Nov,Sábado,30.717171717171716
10:45:00,11:00:00,Mar-Nov,Viernes,39.47970085470085
11:00:00,11:15:00,Dic-Feb,Domingo,21.231404958677686
11:00:00,11:15:00,Dic-Feb,Jueves,36.08196721311475
11:00:00,11:15:00,Dic-Feb,Lunes,29.272727272727273
11:00:00,11:15:00,Dic-Feb,Martes,29.274447949526813
11:00:00,11:15:00,Dic-Feb,Miércoles,33.45522388059702
11:00:00,11:15:00,Dic-Feb,Sábado,31.294354838709676
11:00:00,11:15:00,Dic-Feb,Viernes,30.177304964539008
11:00:00,11:15:00,Mar-Nov,Domingo,23.91584852734923
11:00:00,11:15:00,Mar-Nov,Jueves,37.71511627906977
11:00:00,11:15:00,Mar-Nov,Lunes,32.165371809100996
11:00:00,11:15:00,Mar-Nov,Martes,35.959518599562365
11:00:00,11:15:00,Mar-Nov,Miércoles,35.906531531531535
11:00:00,11:15:00,Mar-Nov,Sábado,35.02132998745295
11:00:00,11:15:00,Mar-Nov,Viernes,35.71641791044776
11:15:00,11:30:00,Dic-Feb,Domingo,14.724137931034482
11:15:00,11:30:00,Dic-Feb,Jueves,37.71287128712871
11:15:00,11:30:00,Dic-Feb,Lunes,29.225
11:15:00,11:30:00,Dic-Feb,Martes,30.84713375796178
11:15:00,11:30:00,Dic-Feb,Miércoles,37.988461538461536
11:15:00,11:30:00,Dic-Feb,Sábado,21.97983870967742
11:15:00,11:30:00,Dic-Feb,Viernes,38.003571428571426
11:15:00,11:30:00,Mar-Nov,Domingo,19.056338028169016
11:15:00,11:30:00,Mar-Nov,Jueves,39.34772462077013
11:15:00,11:30:00,Mar-Nov,Lunes,35.051224944320715
11:15:00,11:30:00,Mar-Nov,Martes,37.39035087719298
11:15:00,11:30:00,Mar-Nov,Miércoles,38.09662921348315
11:15:00,11:30:00,Mar-Nov,Sábado,30.350189633375475
11:15:00,11:30:00,Mar-Nov,Viernes,38.276824034334766
11:30:00,11:45:00,Dic-Feb,Domingo,17.67241379310345
11:30:00,11:45:00,Dic-Feb,Jueves,36.86644951140065
11:30:00,11:45:00,Dic-Feb,Lunes,32.644444444444446
11:30:00,11:45:00,Dic-Feb,Martes,30.19614147909968
11:30:00,11:45:00,Dic-Feb,Miércoles,34.440613026819925
11:30:00,11:45:00,Dic-Feb,Sábado,28.29032258064516
11:30:00,11:45:00,Dic-Feb,Viernes,34.51943462897526
11:30:00,11:45:00,Mar-Nov,Domingo,19.59493670886076
11:30:00,11:45:00,Mar-Nov,Jueves,35.582263710618435
11:30:00,11:45:00,Mar-Nov,Lunes,31.863534675615213
11:30:00,11:45:00,Mar-Nov,Martes,36.31683168316832
11:30:00,11:45:00,Mar-Nov,Miércoles,36.26268320180383
11:30:00,11:45:00,Mar-Nov,Sábado,31.41154328732748
11:30:00,11:45:00,Mar-Nov,Viernes,34.85268817204301
11:45:00,12:00:00,Dic-Feb,Domingo,17.15481171548117
11:45:00,12:00:00,Dic-Feb,Jueves,32.98366013071895
11:45:00,12:00:00,Dic-Feb,Lunes,30.314754098360655
11:45:00,12:00:00,Dic-Feb,Martes,28.823151125401928
11:45:00,12:00:00,Dic-Feb,Miércoles,33.095238095238095
11:45:00,12:00:00,Dic-Feb,Sábado,22.530864197530864
11:45:00,12:00:00,Dic-Feb,Viernes,30.73665480427046
11:45:00,12:00:00,Mar-Nov,Domingo,21.76066024759285
11:45:00,12:00:00,Mar-Nov,Jueves,33.787185354691076
11:45:00,12:00:00,Mar-Nov,Lunes,33.72757847533632
11:45:00,12:00:00,Mar-Nov,Martes,32.25440528634361
11:45:00,12:00:00,Mar-Nov,Miércoles,34.845454545454544
11:45:00,12:00:00,Mar-Nov,Sábado,30.84190231362468
11:45:00,12:00:00,Mar-Nov,Viernes,33.74331550802139
12:00:00,12:15:00,Dic-Feb,Domingo,14.540084388185655
12:00:00,12:15:00,Dic-Feb,Jueves,32.51827242524917
12:00:00,12:15:00,Dic-Feb,Lunes,27.70846394984326
12:00:00,12:15:00,Dic-Feb,Martes,27.0
12:00:00,12:15:00,Dic-Feb,Miércoles,31.68379446640316
12:00:00,12:15:00,Dic-Feb,Sábado,26.407258064516128
12:00:00,12:15:00,Dic-Feb,Viernes,29.870722433460077
12:00:00,12:15:00,Mar-Nov,Domingo,18.503401360544217
12:00:00,12:15:00,Mar-Nov,Jueves,34.774566473988436
12:00:00,12:15:00,Mar-Nov,Lunes,29.360400444938822
12:00:00,12:15:00,Mar-Nov,Martes,31.266155531215773
12:00:00,12:15:00,Mar-Nov,Miércoles,34.219567690557454
12:00:00,12:15:00,Mar-Nov,Sábado,31.033962264150944
12:00:00,12:15:00,Mar-Nov,Viernes,33.15698924731183
12:15:00,12:30:00,Dic-Feb,Domingo,20.07112970711297
12:15:00,12:30:00,Dic-Feb,Jueves,29.085808580858085
12:15:00,12:30:00,Dic-Feb,Lunes,27.248387096774195
12:15:00,12:30:00,Dic-Feb,Martes,26.658940397350992
12:15:00,12:30:00,Dic-Feb,Miércoles,31.291338582677167
12:15:00,12:30:00,Dic-Feb,Sábado,23.56910569105691
12:15:00,12:30:00,Dic-Feb,Viernes,29.687258687258687
12:15:00,12:30:00,Mar-Nov,Domingo,24.367911479944674
12:15:00,12:30:00,Mar-Nov,Jueves,33.417341040462425
12:15:00,12:30:00,Mar-Nov,Lunes,32.284606866002214
12:15:00,12:30:00,Mar-Nov,Martes,32.21035242290749
12:15:00,12:30:00,Mar-Nov,Miércoles,33.564679415073115
12:15:00,12:30:00,Mar-Nov,Sábado,30.363295880149813
12:15:00,12:30:00,Mar-Nov,Viernes,34.7198275862069
12:30:00,12:45:00,Dic-Feb,Domingo,15.895652173913044
12:30:00,12:45:00,Dic-Feb,Jueves,36.87043189368771
12:30:00,12:45:00,Dic-Feb,Lunes,30.818471337579616
12:30:00,12:45:00,Dic-Feb,Martes,35.00317460317461
12:30:00,12:45:00,Dic-Feb,Miércoles,38.20238095238095
12:30:00,12:45:00,Dic-Feb,Sábado,22.604938271604937
12:30:00,12:45:00,Dic-Feb,Viernes,35.0965250965251
12:30:00,12:45:00,Mar-Nov,Domingo,21.285322359396435
12:30:00,12:45:00,Mar-Nov,Jueves,37.56058890147225
12:30:00,12:45:00,Mar-Nov,Lunes,35.74861572535991
12:30:00,12:45:00,Mar-Nov,Martes,39.51978021978022
12:30:00,12:45:00,Mar-Nov,Miércoles,39.1854748603352
12:30:00,12:45:00,Mar-Nov,Sábado,28.705144291091592
12:30:00,12:45:00,Mar-Nov,Viernes,38.10463861920173
12:45:00,13:00:00,Dic-Feb,Domingo,17.640167364016737
12:45:00,13:00:00,Dic-Feb,Jueves,21.410958904109588
12:45:00,13:00:00,Dic-Feb,Lunes,19.234177215189874
12:45:00,13:00:00,Dic-Feb,Martes,20.118032786885244
12:45:00,13:00:00,Dic-Feb,Miércoles,24.136546184738958
12:45:00,13:00:00,Dic-Feb,Sábado,21.6597510373444
12:45:00,13:00:00,Dic-Feb,Viernes,22.525490196078433
12:45:00,13:00:00,Mar-Nov,Domingo,19.565096952908586
12:45:00,13:00:00,Mar-Nov,Jueves,26.46412037037037
12:45:00,13:00:00,Mar-Nov,Lunes,24.87458006718925
12:45:00,13:00:00,Mar-Nov,Martes,26.710321864594896
12:45:00,13:00:00,Mar-Nov,Miércoles,27.326553672316383
12:45:00,13:00:00,Mar-Nov,Sábado,26.65994962216625
12:45:00,13:00:00,Mar-Nov,Viernes,28.355362946912244
13:00:00,13:15:00,Dic-Feb,Domingo,21.27309236947791
13:00:00,13:15:00,Dic-Feb,Jueves,33.67434210526316
13:00:00,13:15:00,Dic-Feb,Lunes,30.157728706624606
13:00:00,13:15:00,Dic-Feb,Martes,28.243333333333332
13:00:00,13:15:00,Dic-Feb,Miércoles,31.563636363636363
13:00:00,13:15:00,Dic-Feb,Sábado,24.36178861788618
13:00:00,13:15:00,Dic-Feb,Viernes,32.640151515151516
13:00:00,13:15:00,Mar-Nov,Domingo,25.58611481975968
13:00:00,13:15:00,Mar-Nov,Jueves,40.02267573696145
13:00:00,13:15:00,Mar-Nov,Lunes,39.429046563192905
13:00:00,13:15:00,Mar-Nov,Martes,39.06688596491228
13:00:00,13:15:00,Mar-Nov,Miércoles,41.51463963963964
13:00:00,13:15:00,Mar-Nov,Sábado,30.530379746835443
13:00:00,13:15:00,Mar-Nov,Viernes,38.91799787007455
13:15:00,13:30:00,Dic-Feb,Domingo,15.223628691983123
13:15:00,13:30:00,Dic-Feb,Jueves,33.85521885521886
13:15:00,13:30:00,Dic-Feb,Lunes,27.235109717868337
13:15:00,13:30:00,Dic-Feb,Martes,27.02922077922078
13:15:00,13:30:00,Dic-Feb,Miércoles,30.980842911877396
13:15:00,13:30:00,Dic-Feb,Sábado,21.584362139917694
13:15:00,13:30:00,Dic-Feb,Viernes,30.409266409266408
13:15:00,13:30:00,Mar-Nov,Domingo,19.657496561210454
13:15:00,13:30:00,Mar-Nov,Jueves,41.268181818181816
13:15:00,13:30:00,Mar-Nov,Lunes,40.012087912087914
13:15:00,13:30:00,Mar-Nov,Martes,40.989059080962804
13:15:00,13:30:00,Mar-Nov,Miércoles,40.17765363128492
13:15:00,13:30:00,Mar-Nov,Sábado,27.81619537275064
13:15:00,13:30:00,Mar-Nov,Viernes,41.34708994708995
13:30:00,13:45:00,Dic-Feb,Domingo,14.24
13:30:00,13:45:00,Dic-Feb,Jueves,28.907801418439718
13:30:00,13:45:00,Dic-Feb,Lunes,28.398089171974522
13:30:00,13:45:00,Dic-Feb,Martes,25.848387096774193
13:30:00,13:45:00,Dic-Feb,Miércoles,29.770676691729324
13:30:00,13:45:00,Dic-Feb,Sábado,18.86610878661088
13:30:00,13:45:00,Dic-Feb,Viernes,29.78076923076923
13:30:00,13:45:00,Mar-Nov,Domingo,18.538028169014083
13:30:00,13:45:00,Mar-Nov,Jueves,38.2439585730725
13:30:00,13:45:00,Mar-Nov,Lunes,35.53863134657836
13:30:00,13:45:00,Mar-Nov,Martes,39.0492341356674
13:30:00,13:45:00,Mar-Nov,Miércoles,40.06561085972851
13:30:00,13:45:00,Mar-Nov,Sábado,23.542932628797885
13:30:00,13:45:00,Mar-Nov,Viernes,36.52816153028693
13:45:00,14:00:00,Dic-Feb,Domingo,15.61344537815126
13:45:00,14:00:00,Dic-Feb,Jueves,26.477941176470587
13:45:00,14:00:00,Dic-Feb,Lunes,19.745928338762216
13:45:00,14:00:00,Dic-Feb,Martes,21.719594594594593
13:45:00,14:00:00,Dic-Feb,Miércoles,23.774436090225564
13:45:00,14:00:00,Dic-Feb,Sábado,17.987704918032787
13:45:00,14:00:00,Dic-Feb,Viernes,25.31899641577061
13:45:00,14:00:00,Mar-Nov,Domingo,20.405255878284922
13:45:00,14:00:00,Mar-Nov,Jueves,33.53863898500577
13:45:00,14:00:00,Mar-Nov,Lunes,31.63215859030837
13:45:00,14:00:00,Mar-Nov,Martes,33.82
13:45:00,14:00:00,Mar-Nov,Miércoles,29.43398392652124
13:45:00,14:00:00,Mar-Nov,Sábado,25.412144702842376
13:45:00,14:00:00,Mar-Nov,Viernes,36.83476394849785
14:00:00,14:15:00,Dic-Feb,Domingo,12.263392857142858
14:00:00,14:15:00,Dic-Feb,Jueves,25.27857142857143
14:00:00,14:15:00,Dic-Feb,Lunes,24.273311897106108
14:00:00,14:15:00,Dic-Feb,Martes,22.30065359477124
14:00:00,14:15:00,Dic-Feb,Miércoles,25.39453125
14:00:00,14:15:00,Dic-Feb,Sábado,19.927966101694917
14:00:00,14:15:00,Dic-Feb,Viernes,24.927797833935017
14:00:00,14:15:00,Mar-Nov,Domingo,17.217821782178216
14:00:00,14:15:00,Mar-Nov,Jueves,29.58139534883721
14:00:00,14:15:00,Mar-Nov,Lunes,29.0479375696767
14:00:00,14:15:00,Mar-Nov,Martes,29.19732441471572
14:00:00,14:15:00,Mar-Nov,Miércoles,33.507009345794394
14:00:00,14:15:00,Mar-Nov,Sábado,24.54521625163827
14:00:00,14:15:00,Mar-Nov,Viernes,27.32853982300885
14:15:00,14:30:00,Dic-Feb,Domingo,17.991150442477878
14:15:00,14:30:00,Dic-Feb,Jueves,25.50877192982456
14:15:00,14:30:00,Dic-Feb,Lunes,21.81528662420382
14:15:00,14:30:00,Dic-Feb,Martes,23.26143790849673
14:15:00,14:30:00,Dic-Feb,Miércoles,21.55984555984556
14:15:00,14:30:00,Dic-Feb,Sábado,20.458515283842793
14:15:00,14:30:00,Dic-Feb,Viernes,25.926470588235293
14:15:00,14:30:00,Mar-Nov,Domingo,20.448275862068964
14:15:00,14:30:00,Mar-Nov,Jueves,28.245305164319248
14:15:00,14:30:00,Mar-Nov,Lunes,27.172375690607733
14:15:00,14:30:00,Mar-Nov,Martes,28.734444444444446
14:15:00,14:30:00,Mar-Nov,Miércoles,27.79186046511628
14:15:00,14:30:00,Mar-Nov,Sábado,26.198473282442748
14:15:00,14:30:00,Mar-Nov,Viernes,31.70378619153675
14:30:00,14:45:00,Dic-Feb,Domingo,14.61304347826087
14:30:00,14:45:00,Dic-Feb,Jueves,26.88235294117647
14:30:00,14:45:00,Dic-Feb,Lunes,25.776699029126213
14:30:00,14:45:00,Dic-Feb,Martes,21.90228013029316
14:30:00,14:45:00,Dic-Feb,Miércoles,26.773234200743495
14:30:00,14:45:00,Dic-Feb,Sábado,20.116182572614107
14:30:00,14:45:00,Dic-Feb,Viernes,25.06713780918728
14:30:00,14:45:00,Mar-Nov,Domingo,17.889526542324248
14:30:00,14:45:00,Mar-Nov,Jueves,29.30327868852459
14:30:00,14:45:00,Mar-Nov,Lunes,26.829457364341085
14:30:00,14:45:00,Mar-Nov,Martes,27.704595185995622
14:30:00,14:45:00,Mar-Nov,Miércoles,28.810404624277457
14:30:00,14:45:00,Mar-Nov,Sábado,22.22639068564036
14:30:00,14:45:00,Mar-Nov,Viernes,30.286187845303868
14:45:00,15:00:00,Dic-Feb,Domingo,11.385714285714286
14:45:00,15:00:00,Dic-Feb,Jueves,23.390243902439025
14:45:00,15:00:00,Dic-Feb,Lunes,18.248407643312103
14:45:00,15:00:00,Dic-Feb,Martes,18.87741935483871
14:45:00,15:00:00,Dic-Feb,Miércoles,21.251937984496124
14:45:00,15:00:00,Dic-Feb,Sábado,18.06756756756757
14:45:00,15:00:00,Dic-Feb,Viernes,22.369565217391305
14:45:00,15:00:00,Mar-Nov,Domingo,13.560790273556231
14:45:00,15:00:00,Mar-Nov,Jueves,26.99078341013825
14:45:00,15:00:00,Mar-Nov,Lunes,23.11111111111111
14:45:00,15:00:00,Mar-Nov,Martes,26.606160616061604
14:45:00,15:00:00,Mar-Nov,Miércoles,24.951162790697673
14:45:00,15:00:00,Mar-Nov,Sábado,22.246786632390744
14:45:00,15:00:00,Mar-Nov,Viernes,27.16850220264317
15:00:00,15:15:00,Dic-Feb,Domingo,15.334801762114537
15:00:00,15:15:00,Dic-Feb,Jueves,21.807947019867548
15:00:00,15:15:00,Dic-Feb,Lunes,22.073015873015873
15:00:00,15:15:00,Dic-Feb,Martes,19.973856209150327
15:00:00,15:15:00,Dic-Feb,Miércoles,20.518796992481203
15:00:00,15:15:00,Dic-Feb,Sábado,17.767543859649123
15:00:00,15:15:00,Dic-Feb,Viernes,23.014545454545456
15:00:00,15:15:00,Mar-Nov,Domingo,21.633566433566433
15:00:00,15:15:00,Mar-Nov,Jueves,24.715456674473067
15:00:00,15:15:00,Mar-Nov,Lunes,22.48268156424581
15:00:00,15:15:00,Mar-Nov,Martes,25.17960088691796
15:00:00,15:15:00,Mar-Nov,Miércoles,25.49063231850117
15:00:00,15:15:00,Mar-Nov,Sábado,23.984848484848484
15:00:00,15:15:00,Mar-Nov,Viernes,27.024309392265195
15:15:00,15:30:00,Dic-Feb,Domingo,13.15668202764977
15:15:00,15:30:00,Dic-Feb,Jueves,18.589830508474577
15:15:00,15:30:00,Dic-Feb,Lunes,18.65573770491803
15:15:00,15:30:00,Dic-Feb,Martes,18.966216216216218
15:15:00,15:30:00,Dic-Feb,Miércoles,19.627819548872182
15:15:00,15:30:00,Dic-Feb,Sábado,17.893333333333334
15:15:00,15:30:00,Dic-Feb,Viernes,20.458333333333332
15:15:00,15:30:00,Mar-Nov,Domingo,18.415254237288135
15:15:00,15:30:00,Mar-Nov,Jueves,23.97921478060046
15:15:00,15:30:00,Mar-Nov,Lunes,21.51006711409396
15:15:00,15:30:00,Mar-Nov,Martes,24.65367483296214
15:15:00,15:30:00,Mar-Nov,Miércoles,23.297746144721234
15:15:00,15:30:00,Mar-Nov,Sábado,24.06311881188119
15:15:00,15:30:00,Mar-Nov,Viernes,23.966814159292035
15:30:00,15:45:00,Dic-Feb,Domingo,14.734513274336283
15:30:00,15:45:00,Dic-Feb,Jueves,22.767676767676768
15:30:00,15:45:00,Dic-Feb,Lunes,21.09294871794872
15:30:00,15:45:00,Dic-Feb,Martes,19.674657534246574
15:30:00,15:45:00,Dic-Feb,Miércoles,21.244525547445257
15:30:00,15:45:00,Dic-Feb,Sábado,17.887931034482758
15:30:00,15:45:00,Dic-Feb,Viernes,27.49056603773585
15:30:00,15:45:00,Mar-Nov,Domingo,17.535310734463277
15:30:00,15:45:00,Mar-Nov,Jueves,23.614668218859137
15:30:00,15:45:00,Mar-Nov,Lunes,23.835920177383592
15:30:00,15:45:00,Mar-Nov,Martes,24.00112233445567
15:30:00,15:45:00,Mar-Nov,Miércoles,26.101635514018692
15:30:00,15:45:00,Mar-Nov,Sábado,21.801007556675064
15:30:00,15:45:00,Mar-Nov,Viernes,27.36759776536313
15:45:00,16:00:00,Dic-Feb,Domingo,18.565022421524663
15:45:00,16:00:00,Dic-Feb,Jueves,19.84
15:45:00,16:00:00,Dic-Feb,Lunes,18.57741935483871
15:45:00,16:00:00,Dic-Feb,Martes,18.80666666666667
15:45:00,16:00:00,Dic-Feb,Miércoles,18.86764705882353
15:45:00,16:00:00,Dic-Feb,Sábado,16.917391304347827
15:45:00,16:00:00,Dic-Feb,Viernes,21.145454545454545
15:45:00,16:00:00,Mar-Nov,Domingo,21.06382978723404
15:45:00,16:00:00,Mar-Nov,Jueves,23.40998838559814
15:45:00,16:00:00,Mar-Nov,Lunes,20.743589743589745
15:45:00,16:00:00,Mar-Nov,Martes,24.563758389261746
15:45:00,16:00:00,Mar-Nov,Miércoles,22.727590221187427
15:45:00,16:00:00,Mar-Nov,Sábado,25.26270136307311
15:45:00,16:00:00,Mar-Nov,Viernes,25.34207525655644
16:00:00,16:15:00,Dic-Feb,Domingo,11.472972972972974
16:00:00,16:15:00,Dic-Feb,Jueves,22.62091503267974
16:00:00,16:15:00,Dic-Feb,Lunes,20.408360128617364
16:00:00,16:15:00,Dic-Feb,Martes,21.125412541254125
16:00:00,16:15:00,Dic-Feb,Miércoles,21.47761194029851
16:00:00,16:15:00,Dic-Feb,Sábado,21.77446808510638
16:00:00,16:15:00,Dic-Feb,Viernes,26.311827956989248
16:00:00,16:15:00,Mar-Nov,Domingo,15.914285714285715
16:00:00,16:15:00,Mar-Nov,Jueves,25.262044653349
16:00:00,16:15:00,Mar-Nov,Lunes,21.694196428571427
16:00:00,16:15:00,Mar-Nov,Martes,23.736141906873613
16:00:00,16:15:00,Mar-Nov,Miércoles,23.611617312072894
16:00:00,16:15:00,Mar-Nov,Sábado,25.367574257425744
16:00:00,16:15:00,Mar-Nov,Viernes,27.181818181818183
16:15:00,16:30:00,Dic-Feb,Domingo,20.645833333333332
16:15:00,16:30:00,Dic-Feb,Jueves,20.224422442244226
16:15:00,16:30:00,Dic-Feb,Lunes,18.41194968553459
16:15:00,16:30:00,Dic-Feb,Martes,17.663333333333334
16:15:00,16:30:00,Dic-Feb,Miércoles,19.803030303030305
16:15:00,16:30:00,Dic-Feb,Sábado,18.24380165289256
16:15:00,16:30:00,Dic-Feb,Viernes,22.56934306569343
16:15:00,16:30:00,Mar-Nov,Domingo,20.640218878248973
16:15:00,16:30:00,Mar-Nov,Jueves,24.307068366164543
16:15:00,16:30:00,Mar-Nov,Lunes,21.334437086092716
16:15:00,16:30:00,Mar-Nov,Martes,23.878318584070797
16:15:00,16:30:00,Mar-Nov,Miércoles,23.595050618672666
16:15:00,16:30:00,Mar-Nov,Sábado,24.393603936039362
16:15:00,16:30:00,Mar-Nov,Viernes,26.45957918050941
16:30:00,16:45:00,Dic-Feb,Domingo,16.449339207048457
16:30:00,16:45:00,Dic-Feb,Jueves,23.116504854368934
16:30:00,16:45:00,Dic-Feb,Lunes,20.65273311897106
16:30:00,16:45:00,Dic-Feb,Martes,21.35472972972973
16:30:00,16:45:00,Dic-Feb,Miércoles,22.801498127340825
16:30:00,16:45:00,Dic-Feb,Sábado,18.213991769547324
16:30:00,16:45:00,Dic-Feb,Viernes,25.433333333333334
16:30:00,16:45:00,Mar-Nov,Domingo,21.337414965986394
16:30:00,16:45:00,Mar-Nov,Jueves,26.401858304297328
16:30:00,16:45:00,Mar-Nov,Lunes,23.24696802646086
16:30:00,16:45:00,Mar-Nov,Martes,24.27777777777778
16:30:00,16:45:00,Mar-Nov,Miércoles,24.057562076749434
16:30:00,16:45:00,Mar-Nov,Sábado,25.75184275184275
16:30:00,16:45:00,Mar-Nov,Viernes,29.059016393442622
16:45:00,17:00:00,Dic-Feb,Domingo,12.190045248868778
16:45:00,17:00:00,Dic-Feb,Jueves,19.11
16:45:00,17:00:00,Dic-Feb,Lunes,16.82758620689655
16:45:00,17:00:00,Dic-Feb,Martes,16.64569536423841
16:45:00,17:00:00,Dic-Feb,Miércoles,17.714285714285715
16:45:00,17:00:00,Dic-Feb,Sábado,17.49576271186441
16:45:00,17:00:00,Dic-Feb,Viernes,19.335907335907336
16:45:00,17:00:00,Mar-Nov,Domingo,14.420058139534884
16:45:00,17:00:00,Mar-Nov,Jueves,21.595294117647057
16:45:00,17:00:00,Mar-Nov,Lunes,18.108843537414966
16:45:00,17:00:00,Mar-Nov,Martes,22.506651884700666
16:45:00,17:00:00,Mar-Nov,Miércoles,21.233751425313567
16:45:00,17:00:00,Mar-Nov,Sábado,21.563975155279504
16:45:00,17:00:00,Mar-Nov,Viernes,22.88457269700333
17:00:00,17:15:00,Dic-Feb,Domingo,19.0
17:00:00,17:15:00,Dic-Feb,Jueves,22.425324675324674
17:00:00,17:15:00,Dic-Feb,Lunes,22.479365079365078
17:00:00,17:15:00,Dic-Feb,Martes,18.99
17:00:00,17:15:00,Dic-Feb,Miércoles,22.860294117647058
17:00:00,17:15:00,Dic-Feb,Sábado,19.824034334763947
17:00:00,17:15:00,Dic-Feb,Viernes,24.303846153846155
17:00:00,17:15:00,Mar-Nov,Domingo,23.55835543766578
17:00:00,17:15:00,Mar-Nov,Jueves,24.571428571428573
17:00:00,17:15:00,Mar-Nov,Lunes,23.86577181208054
17:00:00,17:15:00,Mar-Nov,Martes,23.61358574610245
17:00:00,17:15:00,Mar-Nov,Miércoles,24.755656108597286
17:00:00,17:15:00,Mar-Nov,Sábado,23.659600997506235
17:00:00,17:15:00,Mar-Nov,Viernes,28.157417893544732
17:15:00,17:30:00,Dic-Feb,Domingo,15.06113537117904
17:15:00,17:30:00,Dic-Feb,Jueves,22.849498327759196
17:15:00,17:30:00,Dic-Feb,Lunes,18.954545454545453
17:15:00,17:30:00,Dic-Feb,Martes,19.57843137254902
17:15:00,17:30:00,Dic-Feb,Miércoles,20.550185873605948
17:15:00,17:30:00,Dic-Feb,Sábado,16.668141592920353
17:15:00,17:30:00,Dic-Feb,Viernes,22.225454545454546
17:15:00,17:30:00,Mar-Nov,Domingo,17.130968622100955
17:15:00,17:30:00,Mar-Nov,Jueves,27.23925667828107
17:15:00,17:30:00,Mar-Nov,Lunes,23.352413019079687
17:15:00,17:30:00,Mar-Nov,Martes,26.11173184357542
17:15:00,17:30:00,Mar-Nov,Miércoles,24.946285714285715
17:15:00,17:30:00,Mar-Nov,Sábado,20.833756345177665
17:15:00,17:30:00,Mar-Nov,Viernes,29.10932105868815
17:30:00,17:45:00,Dic-Feb,Domingo,13.265486725663717
17:30:00,17:45:00,Dic-Feb,Jueves,19.356666666666666
17:30:00,17:45:00,Dic-Feb,Lunes,17.443708609271525
17:30:00,17:45:00,Dic-Feb,Martes,16.20860927152318
17:30:00,17:45:00,Dic-Feb,Miércoles,18.981203007518797
17:30:00,17:45:00,Dic-Feb,Sábado,18.965665236051503
17:30:00,17:45:00,Dic-Feb,Viernes,19.26334519572954
17:30:00,17:45:00,Mar-Nov,Domingo,15.428571428571429
17:30:00,17:45:00,Mar-Nov,Jueves,22.548009367681498
17:30:00,17:45:00,Mar-Nov,Lunes,20.507377979568673
17:30:00,17:45:00,Mar-Nov,Martes,21.825842696629213
17:30:00,17:45:00,Mar-Nov,Miércoles,22.882488479262673
17:30:00,17:45:00,Mar-Nov,Sábado,21.482323232323232
17:30:00,17:45:00,Mar-Nov,Viernes,23.595070422535212
17:45:00,18:00:00,Dic-Feb,Domingo,18.688796680497926
17:45:00,18:00:00,Dic-Feb,Jueves,19.672240802675585
17:45:00,18:00:00,Dic-Feb,Lunes,19.060126582278482
17:45:00,18:00:00,Dic-Feb,Martes,17.96039603960396
17:45:00,18:00:00,Dic-Feb,Miércoles,20.515625
17:45:00,18:00:00,Dic-Feb,Sábado,15.304347826086957
17:45:00,18:00:00,Dic-Feb,Viernes,20.284697508896798
17:45:00,18:00:00,Mar-Nov,Domingo,21.55421686746988
17:45:00,18:00:00,Mar-Nov,Jueves,25.07764705882353
17:45:00,18:00:00,Mar-Nov,Lunes,23.32090395480226
17:45:00,18:00:00,Mar-Nov,Martes,24.75615212527964
17:45:00,18:00:00,Mar-Nov,Miércoles,24.595866819747418
17:45:00,18:00:00,Mar-Nov,Sábado,19.521019108280253
17:45:00,18:00:00,Mar-Nov,Viernes,28.01270207852194
18:00:00,18:15:00,Dic-Feb,Domingo,13.517391304347827
18:00:00,18:15:00,Dic-Feb,Jueves,19.584967320261438
18:00:00,18:15:00,Dic-Feb,Lunes,16.829581993569132
18:00:00,18:15:00,Dic-Feb,Martes,17.223333333333333
18:00:00,18:15:00,Dic-Feb,Miércoles,19.301158301158303
18:00:00,18:15:00,Dic-Feb,Sábado,18.11063829787234
18:00:00,18:15:00,Dic-Feb,Viernes,21.87410071942446
18:00:00,18:15:00,Mar-Nov,Domingo,17.998628257887518
18:00:00,18:15:00,Mar-Nov,Jueves,25.282201405152225
18:00:00,18:15:00,Mar-Nov,Lunes,23.699435028248587
18:00:00,18:15:00,Mar-Nov,Martes,23.422519509476032
18:00:00,18:15:00,Mar-Nov,Miércoles,24.596109839816933
18:00:00,18:15:00,Mar-Nov,Sábado,21.041450777202073
18:00:00,18:15:00,Mar-Nov,Viernes,24.781357882623706
18:15:00,18:30:00,Dic-Feb,Domingo,18.403508771929825
18:15:00,18:30:00,Dic-Feb,Jueves,17.993031358885016
18:15:00,18:30:00,Dic-Feb,Lunes,16.75657894736842
18:15:00,18:30:00,Dic-Feb,Martes,14.40893470790378
18:15:00,18:30:00,Dic-Feb,Miércoles,18.146825396825395
18:15:00,18:30:00,Dic-Feb,Sábado,17.013333333333332
18:15:00,18:30:00,Dic-Feb,Viernes,19.27797833935018
18:15:00,18:30:00,Mar-Nov,Domingo,21.167358229598893
18:15:00,18:30:00,Mar-Nov,Jueves,20.581450653983353
18:15:00,18:30:00,Mar-Nov,Lunes,19.125287356321838
18:15:00,18:30:00,Mar-Nov,Martes,19.304396843291997
18:15:00,18:30:00,Mar-Nov,Miércoles,20.65242494226328
18:15:00,18:30:00,Mar-Nov,Sábado,20.19973544973545
18:15:00,18:30:00,Mar-Nov,Viernes,24.10466439135381
18:30:00,18:45:00,Dic-Feb,Domingo,13.8
18:30:00,18:45:00,Dic-Feb,Jueves,15.864864864864865
18:30:00,18:45:00,Dic-Feb,Lunes,15.551155115511552
18:30:00,18:45:00,Dic-Feb,Martes,14.88888888888889
18:30:00,18:45:00,Dic-Feb,Miércoles,17.68421052631579
18:30:00,18:45:00,Dic-Feb,Sábado,17.404545454545456
18:30:00,18:45:00,Dic-Feb,Viernes,21.127819548872182
18:30:00,18:45:00,Mar-Nov,Domingo,18.551867219917014
18:30:00,18:45:00,Mar-Nov,Jueves,21.66824644549763
18:30:00,18:45:00,Mar-Nov,Lunes,20.169530355097365
18:30:00,18:45:00,Mar-Nov,Martes,20.448
18:30:00,18:45:00,Mar-Nov,Miércoles,22.479118329466356
18:30:00,18:45:00,Mar-Nov,Sábado,19.3342175066313
18:30:00,18:45:00,Mar-Nov,Viernes,24.734953703703702
18:45:00,19:00:00,Dic-Feb,Domingo,10.672645739910314
18:45:00,19:00:00,Dic-Feb,Jueves,14.989285714285714
18:45:00,19:00:00,Dic-Feb,Lunes,13.441077441077441
18:45:00,19:00:00,Dic-Feb,Martes,13.195804195804195
18:45:00,19:00:00,Dic-Feb,Miércoles,15.163793103448276
18:45:00,19:00:00,Dic-Feb,Sábado,15.68018018018018
18:45:00,19:00:00,Dic-Feb,Viernes,18.25
18:45:00,19:00:00,Mar-Nov,Domingo,14.587301587301587
18:45:00,19:00:00,Mar-Nov,Jueves,17.41990291262136
18:45:00,19:00:00,Mar-Nov,Lunes,15.486873508353222
18:45:00,19:00:00,Mar-Nov,Martes,16.21784472769409
18:45:00,19:00:00,Mar-Nov,Miércoles,16.758823529411764
18:45:00,19:00:00,Mar-Nov,Sábado,18.51778656126482
18:45:00,19:00:00,Mar-Nov,Viernes,21.057339449541285
19:00:00,19:15:00,Dic-Feb,Domingo,17.9070796460177
19:00:00,19:15:00,Dic-Feb,Jueves,13.162711864406779
19:00:00,19:15:00,Dic-Feb,Lunes,13.331058020477816
19:00:00,19:15:00,Dic-Feb,Martes,12.535211267605634
19:00:00,19:15:00,Dic-Feb,Miércoles,14.9625
19:00:00,19:15:00,Dic-Feb,Sábado,15.685185185185185
19:00:00,19:15:00,Dic-Feb,Viernes,18.16176470588235
19:00:00,19:15:00,Mar-Nov,Domingo,21.622435020519834
19:00:00,19:15:00,Mar-Nov,Jueves,16.115853658536587
19:00:00,19:15:00,Mar-Nov,Lunes,13.67688679245283
19:00:00,19:15:00,Mar-Nov,Martes,14.804651162790698
19:00:00,19:15:00,Mar-Nov,Miércoles,15.24731182795699
19:00:00,19:15:00,Mar-Nov,Sábado,19.238532110091743
19:00:00,19:15:00,Mar-Nov,Viernes,20.798358733880423
19:15:00,19:30:00,Dic-Feb,Domingo,12.355450236966824
19:15:00,19:30:00,Dic-Feb,Jueves,13.881944444444445
19:15:00,19:30:00,Dic-Feb,Lunes,13.712765957446809
19:15:00,19:30:00,Dic-Feb,Martes,12.670250896057349
19:15:00,19:30:00,Dic-Feb,Miércoles,14.581896551724139
19:15:00,19:30:00,Dic-Feb,Sábado,16.375565610859727
19:15:00,19:30:00,Dic-Feb,Viernes,16.7773851590106
19:15:00,19:30:00,Mar-Nov,Domingo,15.523876404494382
19:15:00,19:30:00,Mar-Nov,Jueves,16.049937578027464
19:15:00,19:30:00,Mar-Nov,Lunes,14.588095238095239
19:15:00,19:30:00,Mar-Nov,Martes,14.768873403019745
19:15:00,19:30:00,Mar-Nov,Miércoles,15.586330935251798
19:15:00,19:30:00,Mar-Nov,Sábado,20.182186234817813
19:15:00,19:30:00,Mar-Nov,Viernes,21.776239907727795
19:30:00,19:45:00,Dic-Feb,Domingo,12.251207729468598
19:30:00,19:45:00,Dic-Feb,Jueves,11.354014598540147
19:30:00,19:45:00,Dic-Feb,Lunes,10.130434782608695
19:30:00,19:45:00,Dic-Feb,Martes,10.221374045801527
19:30:00,19:45:00,Dic-Feb,Miércoles,11.523605150214593
19:30:00,19:45:00,Dic-Feb,Sábado,16.10185185185185
19:30:00,19:45:00,Dic-Feb,Viernes,11.444
19:30:00,19:45:00,Mar-Nov,Domingo,16.01453488372093
19:30:00,19:45:00,Mar-Nov,Jueves,12.931034482758621
19:30:00,19:45:00,Mar-Nov,Lunes,10.599753694581281
19:30:00,19:45:00,Mar-Nov,Martes,12.011070110701107
19:30:00,19:45:00,Mar-Nov,Miércoles,11.70342205323194
19:30:00,19:45:00,Mar-Nov,Sábado,18.678272980501394
19:30:00,19:45:00,Mar-Nov,Viernes,16.592057761732853
19:45:00,20:00:00,Dic-Feb,Domingo,15.382222222222222
19:45:00,20:00:00,Dic-Feb,Jueves,9.526515151515152
19:45:00,20:00:00,Dic-Feb,Lunes,11.316901408450704
19:45:00,20:00:00,Dic-Feb,Martes,10.86100386100386
19:45:00,20:00:00,Dic-Feb,Miércoles,11.21304347826087
19:45:00,20:00:00,Dic-Feb,Sábado,14.11111111111111
19:45:00,20:00:00,Dic-Feb,Viernes,14.382978723404255
19:45:00,20:00:00,Mar-Nov,Domingo,18.165487977369164
19:45:00,20:00:00,Mar-Nov,Jueves,10.959893048128341
19:45:00,20:00:00,Mar-Nov,Lunes,10.13265306122449
19:45:00,20:00:00,Mar-Nov,Martes,10.211853720050442
19:45:00,20:00:00,Mar-Nov,Miércoles,10.82483660130719
19:45:00,20:00:00,Mar-Nov,Sábado,17.22284122562674
19:45:00,20:00:00,Mar-Nov,Viernes,14.473551637279597
20:00:00,20:15:00,Dic-Feb,Domingo,13.486842105263158
20:00:00,20:15:00,Dic-Feb,Jueves,13.116788321167883
20:00:00,20:15:00,Dic-Feb,Lunes,12.010948905109489
20:00:00,20:15:00,Dic-Feb,Martes,11.21923076923077
20:00:00,20:15:00,Dic-Feb,Miércoles,11.732217573221757
20:00:00,20:15:00,Dic-Feb,Sábado,15.042654028436019
20:00:00,20:15:00,Dic-Feb,Viernes,17.14574898785425
20:00:00,20:15:00,Mar-Nov,Domingo,15.782208588957054
20:00:00,20:15:00,Mar-Nov,Jueves,13.948885976408912
20:00:00,20:15:00,Mar-Nov,Lunes,12.875324675324675
20:00:00,20:15:00,Mar-Nov,Martes,13.11254851228978
20:00:00,20:15:00,Mar-Nov,Miércoles,14.029947916666666
20:00:00,20:15:00,Mar-Nov,Sábado,18.547683923705723
20:00:00,20:15:00,Mar-Nov,Viernes,19.208333333333332
20:15:00,20:30:00,Dic-Feb,Domingo,12.97844827586207
20:15:00,20:30:00,Dic-Feb,Jueves,10.72373540856031
20:15:00,20:30:00,Dic-Feb,Lunes,9.631178707224334
20:15:00,20:30:00,Dic-Feb,Martes,10.306513409961687
20:15:00,20:30:00,Dic-Feb,Miércoles,10.656652360515022
20:15:00,20:30:00,Dic-Feb,Sábado,13.995098039215685
20:15:00,20:30:00,Dic-Feb,Viernes,14.9453125
20:15:00,20:30:00,Mar-Nov,Domingo,14.25478645066274
20:15:00,20:30:00,Mar-Nov,Jueves,11.181440443213296
20:15:00,20:30:00,Mar-Nov,Lunes,10.107671601615074
20:15:00,20:30:00,Mar-Nov,Martes,10.239280774550483
20:15:00,20:30:00,Mar-Nov,Miércoles,10.583098591549296
20:15:00,20:30:00,Mar-Nov,Sábado,17.209103840682786
20:15:00,20:30:00,Mar-Nov,Viernes,15.70360824742268
20:30:00,20:45:00,Dic-Feb,Domingo,12.028846153846153
20:30:00,20:45:00,Dic-Feb,Jueves,10.751908396946565
20:30:00,20:45:00,Dic-Feb,Lunes,10.575645756457565
20:30:00,20:45:00,Dic-Feb,Martes,8.469635627530364
20:30:00,20:45:00,Dic-Feb,Miércoles,10.142222222222221
20:30:00,20:45:00,Dic-Feb,Sábado,14.28140703517588
20:30:00,20:45:00,Dic-Feb,Viernes,13.151750972762645
20:30:00,20:45:00,Mar-Nov,Domingo,14.18429003021148
20:30:00,20:45:00,Mar-Nov,Jueves,11.83453237410072
20:30:00,20:45:00,Mar-Nov,Lunes,9.92361111111111
20:30:00,20:45:00,Mar-Nov,Martes,10.458274398868458
20:30:00,20:45:00,Mar-Nov,Miércoles,11.59799713876967
20:30:00,20:45:00,Mar-Nov,Sábado,15.498533724340176
20:30:00,20:45:00,Mar-Nov,Viernes,15.445609436435124
20:45:00,21:00:00,Dic-Feb,Domingo,12.099056603773585
20:45:00,21:00:00,Dic-Feb,Jueves,8.759842519685039
20:45:00,21:00:00,Dic-Feb,Lunes,9.484251968503937
20:45:00,21:00:00,Dic-Feb,Martes,8.483471074380166
20:45:00,21:00:00,Dic-Feb,Miércoles,9.177884615384615
20:45:00,21:00:00,Dic-Feb,Sábado,10.760204081632653
20:45:00,21:00:00,Dic-Feb,Viernes,11.475
20:45:00,21:00:00,Mar-Nov,Domingo,11.70881863560732
20:45:00,21:00:00,Mar-Nov,Jueves,9.993836671802773
20:45:00,21:00:00,Mar-Nov,Lunes,9.028700906344412
20:45:00,21:00:00,Mar-Nov,Martes,9.52245508982036
20:45:00,21:00:00,Mar-Nov,Miércoles,9.842266462480858
20:45:00,21:00:00,Mar-Nov,Sábado,14.37631184407796
20:45:00,21:00:00,Mar-Nov,Viernes,14.002724795640328
21:00:00,21:15:00,Dic-Feb,Domingo,10.035
21:00:00,21:15:00,Dic-Feb,Jueves,7.3
21:00:00,21:15:00,Dic-Feb,Lunes,6.434782608695652
21:00:00,21:15:00,Dic-Feb,Martes,6.652719665271967
21:00:00,21:15:00,Dic-Feb,Miércoles,7.177664974619289
21:00:00,21:15:00,Dic-Feb,Sábado,12.688172043010752
21:00:00,21:15:00,Dic-Feb,Viernes,9.313304721030043
21:00:00,21:15:00,Mar-Nov,Domingo,11.842443729903536
21:00:00,21:15:00,Mar-Nov,Jueves,9.242088607594937
21:00:00,21:15:00,Mar-Nov,Lunes,8.564593301435407
21:00:00,21:15:00,Mar-Nov,Martes,8.76923076923077
21:00:00,21:15:00,Mar-Nov,Miércoles,8.938009787928221
21:00:00,21:15:00,Mar-Nov,Sábado,14.07846153846154
21:00:00,21:15:00,Mar-Nov,Viernes,12.15677966101695
21:15:00,21:30:00,Dic-Feb,Domingo,7.473118279569892
21:15:00,21:30:00,Dic-Feb,Jueves,7.213675213675214
21:15:00,21:30:00,Dic-Feb,Lunes,7.0
21:15:00,21:30:00,Dic-Feb,Martes,6.541850220264317
21:15:00,21:30:00,Dic-Feb,Miércoles,6.190476190476191
21:15:00,21:30:00,Dic-Feb,Sábado,10.451977401129943
21:15:00,21:30:00,Dic-Feb,Viernes,9.165178571428571
21:15:00,21:30:00,Mar-Nov,Domingo,7.869109947643979
21:15:00,21:30:00,Mar-Nov,Jueves,8.287096774193548
21:15:00,21:30:00,Mar-Nov,Lunes,7.412213740458015
21:15:00,21:30:00,Mar-Nov,Martes,7.831189710610932
21:15:00,21:30:00,Mar-Nov,Miércoles,8.06807131280389
21:15:00,21:30:00,Mar-Nov,Sábado,12.120063191153239
21:15:00,21:30:00,Mar-Nov,Viernes,11.73545706371191
21:30:00,21:45:00,Dic-Feb,Domingo,8.375722543352602
21:30:00,21:45:00,Dic-Feb,Jueves,5.465116279069767
21:30:00,21:45:00,Dic-Feb,Lunes,6.298245614035087
21:30:00,21:45:00,Dic-Feb,Martes,5.060913705583756
21:30:00,21:45:00,Dic-Feb,Miércoles,6.564102564102564
21:30:00,21:45:00,Dic-Feb,Sábado,9.455555555555556
21:30:00,21:45:00,Dic-Feb,Viernes,7.217777777777778
21:30:00,21:45:00,Mar-Nov,Domingo,7.48217636022514
21:30:00,21:45:00,Mar-Nov,Jueves,7.556876061120543
21:30:00,21:45:00,Mar-Nov,Lunes,7.126495726495727
21:30:00,21:45:00,Mar-Nov,Martes,6.741935483870968
21:30:00,21:45:00,Mar-Nov,Miércoles,7.197594501718213
21:30:00,21:45:00,Mar-Nov,Sábado,10.163606010016695
21:30:00,21:45:00,Mar-Nov,Viernes,10.188622754491018
21:45:00,22:00:00,Dic-Feb,Domingo,6.735294117647059
21:45:00,22:00:00,Dic-Feb,Jueves,4.598130841121495
21:45:00,22:00:00,Dic-Feb,Lunes,4.980295566502463
21:45:00,22:00:00,Dic-Feb,Martes,4.7923497267759565
21:45:00,22:00:00,Dic-Feb,Miércoles,5.475138121546961
21:45:00,22:00:00,Dic-Feb,Sábado,7.970414201183432
21:45:00,22:00:00,Dic-Feb,Viernes,6.092682926829268
21:45:00,22:00:00,Mar-Nov,Domingo,6.431334622823985
21:45:00,22:00:00,Mar-Nov,Jueves,5.927536231884058
21:45:00,22:00:00,Mar-Nov,Lunes,5.630681818181818
21:45:00,22:00:00,Mar-Nov,Martes,5.241992882562277
21:45:00,22:00:00,Mar-Nov,Miércoles,5.813819577735125
21:45:00,22:00:00,Mar-Nov,Sábado,8.403418803418804
21:45:00,22:00:00,Mar-Nov,Viernes,8.408256880733944
22:00:00,22:15:00,Dic-Feb,Domingo,6.006622516556291
22:00:00,22:15:00,Dic-Feb,Jueves,5.023041474654378
22:00:00,22:15:00,Dic-Feb,Lunes,5.015151515151516
22:00:00,22:15:00,Dic-Feb,Martes,4.603260869565218
22:00:00,22:15:00,Dic-Feb,Miércoles,4.414507772020725
22:00:00,22:15:00,Dic-Feb,Sábado,10.011363636363637
22:00:00,22:15:00,Dic-Feb,Viernes,6.616161616161616
22:00:00,22:15:00,Mar-Nov,Domingo,5.179324894514768
22:00:00,22:15:00,Mar-Nov,Jueves,5.34065934065934
22:00:00,22:15:00,Mar-Nov,Lunes,4.951035781544256
22:00:00,22:15:00,Mar-Nov,Martes,5.47377938517179
22:00:00,22:15:00,Mar-Nov,Miércoles,6.084870848708487
22:00:00,22:15:00,Mar-Nov,Sábado,6.9907063197026025
22:00:00,22:15:00,Mar-Nov,Viernes,7.643312101910828
22:15:00,22:30:00,Dic-Feb,Domingo,4.754716981132075
22:15:00,22:30:00,Dic-Feb,Jueves,5.056338028169014
22:15:00,22:30:00,Dic-Feb,Lunes,4.623655913978495
22:15:00,22:30:00,Dic-Feb,Martes,4.391061452513966
22:15:00,22:30:00,Dic-Feb,Miércoles,4.392638036809816
22:15:00,22:30:00,Dic-Feb,Sábado,4.878571428571429
22:15:00,22:30:00,Dic-Feb,Viernes,5.056497175141243
22:15:00,22:30:00,Mar-Nov,Domingo,3.2240802675585285
22:15:00,22:30:00,Mar-Nov,Jueves,4.338947368421053
22:15:00,22:30:00,Mar-Nov,Lunes,3.9850107066381155
22:15:00,22:30:00,Mar-Nov,Martes,4.151063829787234
22:15:00,22:30:00,Mar-Nov,Miércoles,4.406438631790745
22:15:00,22:30:00,Mar-Nov,Sábado,5.140786749482402
22:15:00,22:30:00,Mar-Nov,Viernes,5.543599257884972
22:30:00,22:45:00,Dic-Feb,Domingo,1.35
22:30:00,22:45:00,Dic-Feb,Jueves,4.089473684210526
22:30:00,22:45:00,Dic-Feb,Lunes,3.81437125748503
22:30:00,22:45:00,Dic-Feb,Martes,4.2176470588235295
22:30:00,22:45:00,Dic-Feb,Miércoles,4.765432098765432
22:30:00,22:45:00,Dic-Feb,Sábado,7.031645569620253
22:30:00,22:45:00,Dic-Feb,Viernes,6.085427135678392
22:30:00,22:45:00,Mar-Nov,Domingo,1.2181818181818183
22:30:00,22:45:00,Mar-Nov,Jueves,3.827188940092166
22:30:00,22:45:00,Mar-Nov,Lunes,4.252796420581656
22:30:00,22:45:00,Mar-Nov,Martes,4.359437751004016
22:30:00,22:45:00,Mar-Nov,Miércoles,4.359081419624217
22:30:00,22:45:00,Mar-Nov,Sábado,5.7152466367713
22:30:00,22:45:00,Mar-Nov,Viernes,6.152671755725191
22:45:00,23:00:00,Dic-Feb,Jueves,3.2890173410404624
22:45:00,23:00:00,Dic-Feb,Lunes,3.446043165467626
22:45:00,23:00:00,Dic-Feb,Martes,3.4935064935064934
22:45:00,23:00:00,Dic-Feb,Miércoles,3.8661971830985915
22:45:00,23:00:00,Dic-Feb,Sábado,5.324074074074074
22:45:00,23:00:00,Dic-Feb,Viernes,4.141176470588236
22:45:00,23:00:00,Mar-Nov,Jueves,3.4214659685863875
22:45:00,23:00:00,Mar-Nov,Lunes,3.6230366492146597
22:45:00,23:00:00,Mar-Nov,Martes,3.4278959810874703
22:45:00,23:00:00,Mar-Nov,Miércoles,3.6513994910941476
22:45:00,23:00:00,Mar-Nov,Sábado,4.863768115942029
22:45:00,23:00:00,Mar-Nov,Viernes,4.613186813186813
23:00:00,23:15:00,Dic-Feb,Jueves,2.5454545454545454
23:00:00,23:15:00,Dic-Feb,Lunes,2.7796610169491527
23:00:00,23:15:00,Dic-Feb,Martes,2.4191176470588234
23:00:00,23:15:00,Dic-Feb,Miércoles,2.871287128712871
23:00:00,23:15:00,Dic-Feb,Sábado,3.625
23:00:00,23:15:00,Dic-Feb,Viernes,3.5231788079470197
23:00:00,23:15:00,Mar-Nov,Jueves,2.627831715210356
23:00:00,23:15:00,Mar-Nov,Lunes,2.5830388692579507
23:00:00,23:15:00,Mar-Nov,Martes,2.6436781609195403
23:00:00,23:15:00,Mar-Nov,Miércoles,2.846875
23:00:00,23:15:00,Mar-Nov,Sábado,2.590643274853801
23:00:00,23:15:00,Mar-Nov,Viernes,3.6294416243654823
23:15:00,23:30:00,Dic-Feb,Jueves,1.3181818181818181
23:15:00,23:30:00,Dic-Feb,Lunes,1.2162162162162162
23:15:00,23:30:00,Dic-Feb,Martes,1.5151515151515151
23:15:00,23:30:00,Dic-Feb,Miércoles,1.1
23:15:00,23:30:00,Dic-Feb,Sábado,3.5194805194805197
23:15:00,23:30:00,Dic-Feb,Viernes,1.8305084745762712
23:15:00,23:30:00,Mar-Nov,Jueves,1.4796747967479675
23:15:00,23:30:00,Mar-Nov,Lunes,1.4086956521739131
23:15:00,23:30:00,Mar-Nov,Martes,1.4770642201834863
23:15:00,23:30:00,Mar-Nov,Miércoles,1.4789915966386555
23:15:00,23:30:00,Mar-Nov,Sábado,4.328638497652582
23:15:00,23:30:00,Mar-Nov,Viernes,1.5
23:30:00,23:45:00,Dic-Feb,Sábado,3.3714285714285714
23:30:00,23:45:00,Mar-Nov,Sábado,2.6140350877192984
23:45:00,00:00:00,Dic-Feb,Sábado,1.2
23:45:00,00:00:00,Mar-Nov,Sábado,2.4166666666666665
