00:00:00,00:15:00,Dic-Feb,Domingo,1.0
01:00:00,01:15:00,Dic-Feb,Miércoles,1.0
01:45:00,02:00:00,Dic-Feb,Miércoles,1.0
05:00:00,05:15:00,Dic-Feb,Miércoles,1.0
05:15:00,05:30:00,Dic-Feb,Jueves,8.512820512820513
05:15:00,05:30:00,Dic-Feb,Lunes,9.046875
05:15:00,05:30:00,Dic-Feb,Martes,8.28169014084507
05:15:00,05:30:00,Dic-Feb,Miércoles,9.0
05:15:00,05:30:00,Dic-Feb,Viernes,9.194444444444445
05:15:00,05:30:00,Mar-Nov,Jueves,6.1422018348623855
05:15:00,05:30:00,Mar-Nov,Lunes,7.781990521327014
05:15:00,05:30:00,Mar-Nov,Martes,6.461538461538462
05:15:00,05:30:00,Mar-Nov,Miércoles,6.540284360189573
05:15:00,05:30:00,Mar-Nov,Viernes,7.226600985221675
05:30:00,05:45:00,Dic-Feb,Jueves,9.09375
05:30:00,05:45:00,Dic-Feb,Lunes,9.625
05:30:00,05:45:00,Dic-Feb,Martes,9.380952380952381
05:30:00,05:45:00,Dic-Feb,Miércoles,9.925925925925926
05:30:00,05:45:00,Dic-Feb,Viernes,9.75
05:30:00,05:45:00,Mar-Nov,Jueves,8.714285714285714
05:30:00,05:45:00,Mar-Nov,Lunes,10.228346456692913
05:30:00,05:45:00,Mar-Nov,Martes,9.088122605363985
05:30:00,05:45:00,Mar-Nov,Miércoles,8.66044776119403
05:30:00,05:45:00,Mar-Nov,Viernes,9.330827067669173
05:45:00,06:00:00,Dic-Feb,Jueves,9.388349514563107
05:45:00,06:00:00,Dic-Feb,Lunes,10.516129032258064
05:45:00,06:00:00,Dic-Feb,Martes,9.135416666666666
05:45:00,06:00:00,Dic-Feb,Miércoles,9.884210526315789
05:45:00,06:00:00,Dic-Feb,Sábado,7.802469135802469
05:45:00,06:00:00,Dic-Feb,Viernes,9.849462365591398
05:45:00,06:00:00,Mar-Nov,Jueves,8.82375478927203
05:45:00,06:00:00,Mar-Nov,Lunes,9.018181818181818
05:45:00,06:00:00,Mar-Nov,Martes,8.453183520599252
05:45:00,06:00:00,Mar-Nov,Miércoles,7.98943661971831
05:45:00,06:00:00,Mar-Nov,Sábado,6.194444444444445
05:45:00,06:00:00,Mar-Nov,Viernes,8.875886524822695
06:00:00,06:15:00,Dic-Feb,Jueves,15.73015873015873
06:00:00,06:15:00,Dic-Feb,Lunes,18.884615384615383
06:00:00,06:15:00,Dic-Feb,Martes,16.168141592920353
06:00:00,06:15:00,Dic-Feb,Miércoles,15.309090909090909
06:00:00,06:15:00,Dic-Feb,Sábado,7.494845360824742
06:00:00,06:15:00,Dic-Feb,Viernes,15.044642857142858
06:00:00,06:15:00,Mar-Nov,Jueves,15.559748427672956
06:00:00,06:15:00,Mar-Nov,Lunes,15.15548780487805
06:00:00,06:15:00,Mar-Nov,Martes,15.361904761904762
06:00:00,06:15:00,Mar-Nov,Miércoles,13.767584097859327
06:00:00,06:15:00,Mar-Nov,Sábado,7.061433447098976
06:00:00,06:15:00,Mar-Nov,Viernes,13.907284768211921
06:15:00,06:30:00,Dic-Feb,Jueves,20.114035087719298
06:15:00,06:30:00,Dic-Feb,Lunes,20.52212389380531
06:15:00,06:30:00,Dic-Feb,Martes,18.4070796460177
06:15:00,06:30:00,Dic-Feb,Miércoles,20.580357142857142
06:15:00,06:30:00,Dic-Feb,Sábado,11.346534653465346
06:15:00,06:30:00,Dic-Feb,Viernes,18.700934579439252
06:15:00,06:30:00,Mar-Nov,Jueves,17.807073954983924
06:15:00,06:30:00,Mar-Nov,Lunes,20.649842271293377
06:15:00,06:30:00,Mar-Nov,Martes,19.44891640866873
06:15:00,06:30:00,Mar-Nov,Miércoles,18.75
06:15:00,06:30:00,Mar-Nov,Sábado,10.375
06:15:00,06:30:00,Mar-Nov,Viernes,18.55521472392638
06:30:00,06:45:00,Dic-Feb,Jueves,26.68103448275862
06:30:00,06:45:00,Dic-Feb,Lunes,23.333333333333332
06:30:00,06:45:00,Dic-Feb,Martes,23.936507936507937
06:30:00,06:45:00,Dic-Feb,Miércoles,25.605263157894736
06:30:00,06:45:00,Dic-Feb,Sábado,14.8989898989899
06:30:00,06:45:00,Dic-Feb,Viernes,25.850467289719628
06:30:00,06:45:00,Mar-Nov,Jueves,23.128712871287128
06:30:00,06:45:00,Mar-Nov,Lunes,22.561128526645767
06:30:00,06:45:00,Mar-Nov,Martes,21.928125
06:30:00,06:45:00,Mar-Nov,Miércoles,21.560747663551403
06:30:00,06:45:00,Mar-Nov,Sábado,12.796610169491526
06:30:00,06:45:00,Mar-Nov,Viernes,21.66031746031746
06:45:00,07:00:00,Dic-Feb,Jueves,27.536
06:45:00,07:00:00,Dic-Feb,Lunes,25.811965811965813
06:45:00,07:00:00,Dic-Feb,Martes,24.70769230769231
06:45:00,07:00:00,Dic-Feb,Miércoles,27.763157894736842
06:45:00,07:00:00,Dic-Feb,Sábado,14.098039215686274
06:45:00,07:00:00,Dic-Feb,Viernes,26.275862068965516
06:45:00,07:00:00,Mar-Nov,Jueves,24.450581395348838
06:45:00,07:00:00,Mar-Nov,Lunes,27.339233038348084
06:45:00,07:00:00,Mar-Nov,Martes,27.2056338028169
06:45:00,07:00:00,Mar-Nov,Miércoles,26.46064139941691
06:45:00,07:00:00,Mar-Nov,Sábado,12.35031847133758
06:45:00,07:00:00,Mar-Nov,Viernes,26.532763532763532
07:00:00,07:15:00,Dic-Feb,Jueves,31.793650793650794
07:00:00,07:15:00,Dic-Feb,Lunes,30.443548387096776
07:00:00,07:15:00,Dic-Feb,Martes,28.563492063492063
07:00:00,07:15:00,Dic-Feb,Miércoles,28.704918032786885
07:00:00,07:15:00,Dic-Feb,Sábado,19.04424778761062
07:00:00,07:15:00,Dic-Feb,Viernes,29.18032786885246
07:00:00,07:15:00,Mar-Nov,Jueves,33.71264367816092
07:00:00,07:15:00,Mar-Nov,Lunes,35.21590909090909
07:00:00,07:15:00,Mar-Nov,Martes,34.69166666666667
07:00:00,07:15:00,Mar-Nov,Miércoles,32.4141689373297
07:00:00,07:15:00,Mar-Nov,Sábado,16.47462686567164
07:00:00,07:15:00,Mar-Nov,Viernes,31.97752808988764
07:15:00,07:30:00,Dic-Feb,Jueves,38.83464566929134
07:15:00,07:30:00,Dic-Feb,Lunes,35.128787878787875
07:15:00,07:30:00,Dic-Feb,Martes,34.18248175182482
07:15:00,07:30:00,Dic-Feb,Miércoles,34.26229508196721
07:15:00,07:30:00,Dic-Feb,Sábado,19.35514018691589
07:15:00,07:30:00,Dic-Feb,Viernes,36.34453781512605
07:15:00,07:30:00,Mar-Nov,Jueves,41.40389972144847
07:15:00,07:30:00,Mar-Nov,Lunes,41.74520547945205
07:15:00,07:30:00,Mar-Nov,Martes,43.82142857142857
07:15:00,07:30:00,Mar-Nov,Miércoles,40.76373626373626
07:15:00,07:30:00,Mar-Nov,Sábado,15.615606936416185
07:15:00,07:30:00,Mar-Nov,Viernes,40.48793565683646
07:30:00,07:45:00,Dic-Feb,Jueves,44.9264705882353
07:30:00,07:45:00,Dic-Feb,Lunes,37.88095238095238
07:30:00,07:45:00,Dic-Feb,Martes,36.723880597014926
07:30:00,07:45:00,Dic-Feb,Miércoles,39.21186440677966
07:30:00,07:45:00,Dic-Feb,Sábado,18.303571428571427
07:30:00,07:45:00,Dic-Feb,Viernes,36.31496062992126
07:30:00,07:45:00,Mar-Nov,Jueves,41.92602739726028
07:30:00,07:45:00,Mar-Nov,Lunes,45.64945652173913
07:30:00,07:45:00,Mar-Nov,Martes,45.37894736842105
07:30:00,07:45:00,Mar-Nov,Miércoles,43.73506493506493
07:30:00,07:45:00,Mar-Nov,Sábado,19.473053892215567
07:30:00,07:45:00,Mar-Nov,Viernes,41.48812664907652
07:45:00,08:00:00,Dic-Feb,Domingo,8.716666666666667
07:45:00,08:00:00,Dic-Feb,Jueves,37.24264705882353
07:45:00,08:00:00,Dic-Feb,Lunes,39.19259259259259
07:45:00,08:00:00,Dic-Feb,Martes,33.965753424657535
07:45:00,08:00:00,Dic-Feb,Miércoles,38.53846153846154
07:45:00,08:00:00,Dic-Feb,Sábado,20.419642857142858
07:45:00,08:00:00,Dic-Feb,Viernes,38.40495867768595
07:45:00,08:00:00,Mar-Nov,Domingo,8.386292834890966
07:45:00,08:00:00,Mar-Nov,Jueves,37.81382978723404
07:45:00,08:00:00,Mar-Nov,Lunes,35.648293963254595
07:45:00,08:00:00,Mar-Nov,Martes,38.888324873096444
07:45:00,08:00:00,Mar-Nov,Miércoles,39.03636363636364
07:45:00,08:00:00,Mar-Nov,Sábado,16.793201133144475
07:45:00,08:00:00,Mar-Nov,Viernes,36.794117647058826
08:00:00,08:15:00,Dic-Feb,Domingo,10.856
08:00:00,08:15:00,Dic-Feb,Jueves,40.18796992481203
08:00:00,08:15:00,Dic-Feb,Lunes,35.68493150684932
08:00:00,08:15:00,Dic-Feb,Martes,35.125
08:00:00,08:15:00,Dic-Feb,Miércoles,37.201550387596896
08:00:00,08:15:00,Dic-Feb,Sábado,16.153846153846153
08:00:00,08:15:00,Dic-Feb,Viernes,36.705882352941174
08:00:00,08:15:00,Mar-Nov,Domingo,11.081632653061224
08:00:00,08:15:00,Mar-Nov,Jueves,41.67914438502674
08:00:00,08:15:00,Mar-Nov,Lunes,41.56167979002625
08:00:00,08:15:00,Mar-Nov,Martes,43.75396825396825
08:00:00,08:15:00,Mar-Nov,Miércoles,41.53580901856764
08:00:00,08:15:00,Mar-Nov,Sábado,18.20708446866485
08:00:00,08:15:00,Mar-Nov,Viernes,38.48514851485149
08:15:00,08:30:00,Dic-Feb,Domingo,10.444444444444445
08:15:00,08:30:00,Dic-Feb,Jueves,48.81021897810219
08:15:00,08:30:00,Dic-Feb,Lunes,38.38095238095238
08:15:00,08:30:00,Dic-Feb,Martes,40.03378378378378
08:15:00,08:30:00,Dic-Feb,Miércoles,42.25925925925926
08:15:00,08:30:00,Dic-Feb,Sábado,19.982608695652175
08:15:00,08:30:00,Dic-Feb,Viernes,41.432
08:15:00,08:30:00,Mar-Nov,Domingo,10.177842565597668
08:15:00,08:30:00,Mar-Nov,Jueves,37.67624020887728
08:15:00,08:30:00,Mar-Nov,Lunes,42.123655913978496
08:15:00,08:30:00,Mar-Nov,Martes,43.61340206185567
08:15:00,08:30:00,Mar-Nov,Miércoles,41.83684210526316
08:15:00,08:30:00,Mar-Nov,Sábado,19.11021505376344
08:15:00,08:30:00,Mar-Nov,Viernes,36.38902743142145
08:30:00,08:45:00,Dic-Feb,Domingo,11.575221238938052
08:30:00,08:45:00,Dic-Feb,Jueves,53.635714285714286
08:30:00,08:45:00,Dic-Feb,Lunes,48.08843537414966
08:30:00,08:45:00,Dic-Feb,Martes,44.147651006711406
08:30:00,08:45:00,Dic-Feb,Miércoles,45.78294573643411
08:30:00,08:45:00,Dic-Feb,Sábado,20.64406779661017
08:30:00,08:45:00,Dic-Feb,Viernes,45.34375
08:30:00,08:45:00,Mar-Nov,Domingo,9.801829268292684
08:30:00,08:45:00,Mar-Nov,Jueves,49.70437017994858
08:30:00,08:45:00,Mar-Nov,Lunes,50.41414141414141
08:30:00,08:45:00,Mar-Nov,Martes,54.75247524752475
08:30:00,08:45:00,Mar-Nov,Miércoles,54.65482233502538
08:30:00,08:45:00,Mar-Nov,Sábado,17.975609756097562
08:30:00,08:45:00,Mar-Nov,Viernes,48.02205882352941
08:45:00,09:00:00,Dic-Feb,Domingo,11.837606837606838
08:45:00,09:00:00,Dic-Feb,Jueves,49.15714285714286
08:45:00,09:00:00,Dic-Feb,Lunes,47.57432432432432
08:45:00,09:00:00,Dic-Feb,Martes,48.26712328767123
08:45:00,09:00:00,Dic-Feb,Miércoles,48.577777777777776
08:45:00,09:00:00,Dic-Feb,Sábado,21.252173913043478
08:45:00,09:00:00,Dic-Feb,Viernes,43.34920634920635
08:45:00,09:00:00,Mar-Nov,Domingo,13.387878787878789
08:45:00,09:00:00,Mar-Nov,Jueves,50.00515463917526
08:45:00,09:00:00,Mar-Nov,Lunes,46.689922480620154
08:45:00,09:00:00,Mar-Nov,Martes,50.656716417910445
08:45:00,09:00:00,Mar-Nov,Miércoles,49.04081632653061
08:45:00,09:00:00,Mar-Nov,Sábado,18.73076923076923
08:45:00,09:00:00,Mar-Nov,Viernes,43.268115942028984
09:00:00,09:15:00,Dic-Feb,Domingo,11.183333333333334
09:00:00,09:15:00,Dic-Feb,Jueves,47.776978417266186
09:00:00,09:15:00,Dic-Feb,Lunes,41.78231292517007
09:00:00,09:15:00,Dic-Feb,Martes,42.232394366197184
09:00:00,09:15:00,Dic-Feb,Miércoles,37.91851851851852
09:00:00,09:15:00,Dic-Feb,Sábado,21.64406779661017
09:00:00,09:15:00,Dic-Feb,Viernes,42.03174603174603
09:00:00,09:15:00,Mar-Nov,Domingo,10.541139240506329
09:00:00,09:15:00,Mar-Nov,Jueves,41.59424083769633
09:00:00,09:15:00,Mar-Nov,Lunes,38.22715404699739
09:00:00,09:15:00,Mar-Nov,Martes,39.80769230769231
09:00:00,09:15:00,Mar-Nov,Miércoles,42.068010075566754
09:00:00,09:15:00,Mar-Nov,Sábado,17.206806282722514
09:00:00,09:15:00,Mar-Nov,Viernes,36.8391959798995
09:15:00,09:30:00,Dic-Feb,Domingo,13.991869918699187
09:15:00,09:30:00,Dic-Feb,Jueves,47.201438848920866
09:15:00,09:30:00,Dic-Feb,Lunes,41.55944055944056
09:15:00,09:30:00,Dic-Feb,Martes,41.28082191780822
09:15:00,09:30:00,Dic-Feb,Miércoles,42.9
09:15:00,09:30:00,Dic-Feb,Sábado,22.5
09:15:00,09:30:00,Dic-Feb,Viernes,43.67716535433071
09:15:00,09:30:00,Mar-Nov,Domingo,13.679878048780488
09:15:00,09:30:00,Mar-Nov,Jueves,39.85279187817259
09:15:00,09:30:00,Mar-Nov,Lunes,40.72938144329897
09:15:00,09:30:00,Mar-Nov,Martes,44.43734015345269
09:15:00,09:30:00,Mar-Nov,Miércoles,41.189119170984455
09:15:00,09:30:00,Mar-Nov,Sábado,21.89516129032258
09:15:00,09:30:00,Mar-Nov,Viernes,37.45544554455446
09:30:00,09:45:00,Dic-Feb,Domingo,15.09322033898305
09:30:00,09:45:00,Dic-Feb,Jueves,46.18181818181818
09:30:00,09:45:00,Dic-Feb,Lunes,43.294520547945204
09:30:00,09:45:00,Dic-Feb,Martes,44.928104575163395
09:30:00,09:45:00,Dic-Feb,Miércoles,45.992537313432834
09:30:00,09:45:00,Dic-Feb,Sábado,24.931623931623932
09:30:00,09:45:00,Dic-Feb,Viernes,39.70229007633588
09:30:00,09:45:00,Mar-Nov,Domingo,13.567251461988304
09:30:00,09:45:00,Mar-Nov,Jueves,36.802083333333336
09:30:00,09:45:00,Mar-Nov,Lunes,38.17616580310881
09:30:00,09:45:00,Mar-Nov,Martes,39.37755102040816
09:30:00,09:45:00,Mar-Nov,Miércoles,39.80555555555556
09:30:00,09:45:00,Mar-Nov,Sábado,23.39071038251366
09:30:00,09:45:00,Mar-Nov,Viernes,35.81481481481482
09:45:00,10:00:00,Dic-Feb,Domingo,13.042372881355933
09:45:00,10:00:00,Dic-Feb,Jueves,44.03521126760563
09:45:00,10:00:00,Dic-Feb,Lunes,41.55555555555556
09:45:00,10:00:00,Dic-Feb,Martes,36.42465753424658
09:45:00,10:00:00,Dic-Feb,Miércoles,44.9485294117647
09:45:00,10:00:00,Dic-Feb,Sábado,20.651785714285715
09:45:00,10:00:00,Dic-Feb,Viernes,38.06870229007634
09:45:00,10:00:00,Mar-Nov,Domingo,11.368253968253969
09:45:00,10:00:00,Mar-Nov,Jueves,36.24734042553192
09:45:00,10:00:00,Mar-Nov,Lunes,36.8816120906801
09:45:00,10:00:00,Mar-Nov,Martes,38.57828282828283
09:45:00,10:00:00,Mar-Nov,Miércoles,37.9719387755102
09:45:00,10:00:00,Mar-Nov,Sábado,19.857908847184987
09:45:00,10:00:00,Mar-Nov,Viernes,36.22962962962963
10:00:00,10:15:00,Dic-Feb,Domingo,11.720338983050848
10:00:00,10:15:00,Dic-Feb,Jueves,42.05072463768116
10:00:00,10:15:00,Dic-Feb,Lunes,33.58
10:00:00,10:15:00,Dic-Feb,Martes,36.42465753424658
10:00:00,10:15:00,Dic-Feb,Miércoles,37.51111111111111
10:00:00,10:15:00,Dic-Feb,Sábado,21.775
10:00:00,10:15:00,Dic-Feb,Viernes,36.33870967741935
10:00:00,10:15:00,Mar-Nov,Domingo,14.503067484662576
10:00:00,10:15:00,Mar-Nov,Jueves,32.0880829015544
10:00:00,10:15:00,Mar-Nov,Lunes,34.51127819548872
10:00:00,10:15:00,Mar-Nov,Martes,34.425257731958766
10:00:00,10:15:00,Mar-Nov,Miércoles,35.870466321243526
10:00:00,10:15:00,Mar-Nov,Sábado,20.689119170984455
10:00:00,10:15:00,Mar-Nov,Viernes,30.895522388059703
10:15:00,10:30:00,Dic-Feb,Domingo,12.15
10:15:00,10:30:00,Dic-Feb,Jueves,33.6231884057971
10:15:00,10:30:00,Dic-Feb,Lunes,30.041666666666668
10:15:00,10:30:00,Dic-Feb,Martes,28.420689655172414
10:15:00,10:30:00,Dic-Feb,Miércoles,36.4921875
10:15:00,10:30:00,Dic-Feb,Sábado,20.16216216216216
10:15:00,10:30:00,Dic-Feb,Viernes,32.476190476190474
10:15:00,10:30:00,Mar-Nov,Domingo,11.088414634146341
10:15:00,10:30:00,Mar-Nov,Jueves,28.872340425531913
10:15:00,10:30:00,Mar-Nov,Lunes,29.370179948586117
10:15:00,10:30:00,Mar-Nov,Martes,29.727272727272727
10:15:00,10:30:00,Mar-Nov,Miércoles,31.123359580052494
10:15:00,10:30:00,Mar-Nov,Sábado,16.53846153846154
10:15:00,10:30:00,Mar-Nov,Viernes,26.7375
10:30:00,10:45:00,Dic-Feb,Domingo,12.44915254237288
10:30:00,10:45:00,Dic-Feb,Jueves,27.525547445255473
10:30:00,10:45:00,Dic-Feb,Lunes,26.755244755244757
10:30:00,10:45:00,Dic-Feb,Martes,24.213793103448275
10:30:00,10:45:00,Dic-Feb,Miércoles,30.48507462686567
10:30:00,10:45:00,Dic-Feb,Sábado,22.194915254237287
10:30:00,10:45:00,Dic-Feb,Viernes,23.496
10:30:00,10:45:00,Mar-Nov,Domingo,14.480243161094226
10:30:00,10:45:00,Mar-Nov,Jueves,25.113513513513514
10:30:00,10:45:00,Mar-Nov,Lunes,26.33153638814016
10:30:00,10:45:00,Mar-Nov,Martes,25.494764397905758
10:30:00,10:45:00,Mar-Nov,Miércoles,26.513157894736842
10:30:00,10:45:00,Mar-Nov,Sábado,21.775067750677508
10:30:00,10:45:00,Mar-Nov,Viernes,24.97007481296758
10:45:00,11:00:00,Dic-Feb,Domingo,13.57391304347826
10:45:00,11:00:00,Dic-Feb,Jueves,31.94927536231884
10:45:00,11:00:00,Dic-Feb,Lunes,27.418439716312058
10:45:00,11:00:00,Dic-Feb,Martes,26.895833333333332
10:45:00,11:00:00,Dic-Feb,Miércoles,30.955882352941178
10:45:00,11:00:00,Dic-Feb,Sábado,19.842105263157894
10:45:00,11:00:00,Dic-Feb,Viernes,27.603174603174605
10:45:00,11:00:00,Mar-Nov,Domingo,12.42056074766355
10:45:00,11:00:00,Mar-Nov,Jueves,23.849462365591396
10:45:00,11:00:00,Mar-Nov,Lunes,26.06201550387597
10:45:00,11:00:00,Mar-Nov,Martes,25.4453125
10:45:00,11:00:00,Mar-Nov,Miércoles,25.973821989528794
10:45:00,11:00:00,Mar-Nov,Sábado,18.26869806094183
10:45:00,11:00:00,Mar-Nov,Viernes,23.348484848484848
11:00:00,11:15:00,Dic-Feb,Domingo,12.79646017699115
11:00:00,11:15:00,Dic-Feb,Jueves,29.546762589928058
11:00:00,11:15:00,Dic-Feb,Lunes,24.58
11:00:00,11:15:00,Dic-Feb,Martes,24.15714285714286
11:00:00,11:15:00,Dic-Feb,Miércoles,27.12213740458015
11:00:00,11:15:00,Dic-Feb,Sábado,17.0
11:00:00,11:15:00,Dic-Feb,Viernes,25.9618320610687
11:00:00,11:15:00,Mar-Nov,Domingo,13.867867867867869
11:00:00,11:15:00,Mar-Nov,Jueves,22.120218579234972
11:00:00,11:15:00,Mar-Nov,Lunes,23.63049095607235
11:00:00,11:15:00,Mar-Nov,Martes,22.55
11:00:00,11:15:00,Mar-Nov,Miércoles,21.823979591836736
11:00:00,11:15:00,Mar-Nov,Sábado,14.929577464788732
11:00:00,11:15:00,Mar-Nov,Viernes,23.437810945273633
11:15:00,11:30:00,Dic-Feb,Domingo,10.135135135135135
11:15:00,11:30:00,Dic-Feb,Jueves,25.8705035971223
11:15:00,11:30:00,Dic-Feb,Lunes,22.96527777777778
11:15:00,11:30:00,Dic-Feb,Martes,22.54225352112676
11:15:00,11:30:00,Dic-Feb,Miércoles,30.147286821705425
11:15:00,11:30:00,Dic-Feb,Sábado,22.216216216216218
11:15:00,11:30:00,Dic-Feb,Viernes,23.692307692307693
11:15:00,11:30:00,Mar-Nov,Domingo,11.993808049535604
11:15:00,11:30:00,Mar-Nov,Jueves,21.57182320441989
11:15:00,11:30:00,Mar-Nov,Lunes,21.276041666666668
11:15:00,11:30:00,Mar-Nov,Martes,21.385012919896642
11:15:00,11:30:00,Mar-Nov,Miércoles,22.15979381443299
11:15:00,11:30:00,Mar-Nov,Sábado,21.306878306878307
11:15:00,11:30:00,Mar-Nov,Viernes,21.7720207253886
11:30:00,11:45:00,Dic-Feb,Domingo,14.644628099173554
11:30:00,11:45:00,Dic-Feb,Jueves,29.454545454545453
11:30:00,11:45:00,Dic-Feb,Lunes,27.12751677852349
11:30:00,11:45:00,Dic-Feb,Martes,26.01388888888889
11:30:00,11:45:00,Dic-Feb,Miércoles,25.203007518796994
11:30:00,11:45:00,Dic-Feb,Sábado,19.39830508474576
11:30:00,11:45:00,Dic-Feb,Viernes,27.365079365079364
11:30:00,11:45:00,Mar-Nov,Domingo,14.592705167173252
11:30:00,11:45:00,Mar-Nov,Jueves,23.660326086956523
11:30:00,11:45:00,Mar-Nov,Lunes,24.45360824742268
11:30:00,11:45:00,Mar-Nov,Martes,23.776649746192895
11:30:00,11:45:00,Mar-Nov,Miércoles,24.5859375
11:30:00,11:45:00,Mar-Nov,Sábado,15.357702349869452
11:30:00,11:45:00,Mar-Nov,Viernes,23.530413625304135
11:45:00,12:00:00,Dic-Feb,Domingo,11.4296875
11:45:00,12:00:00,Dic-Feb,Jueves,26.485294117647058
11:45:00,12:00:00,Dic-Feb,Lunes,23.63758389261745
11:45:00,12:00:00,Dic-Feb,Martes,27.055944055944057
11:45:00,12:00:00,Dic-Feb,Miércoles,23.11764705882353
11:45:00,12:00:00,Dic-Feb,Sábado,21.82905982905983
11:45:00,12:00:00,Dic-Feb,Viernes,24.651162790697676
11:45:00,12:00:00,Mar-Nov,Domingo,13.00287356321839
11:45:00,12:00:00,Mar-Nov,Jueves,23.365591397849464
11:45:00,12:00:00,Mar-Nov,Lunes,25.423376623376623
11:45:00,12:00:00,Mar-Nov,Martes,24.392307692307693
11:45:00,12:00:00,Mar-Nov,Miércoles,25.089514066496164
11:45:00,12:00:00,Mar-Nov,Sábado,19.611253196930946
11:45:00,12:00:00,Mar-Nov,Viernes,25.911330049261085
12:00:00,12:15:00,Dic-Feb,Domingo,10.858407079646017
12:00:00,12:15:00,Dic-Feb,Jueves,25.17391304347826
12:00:00,12:15:00,Dic-Feb,Lunes,22.16216216216216
12:00:00,12:15:00,Dic-Feb,Martes,23.708333333333332
12:00:00,12:15:00,Dic-Feb,Miércoles,21.514492753623188
12:00:00,12:15:00,Dic-Feb,Sábado,22.404761904761905
12:00:00,12:15:00,Dic-Feb,Viernes,23.1953125
12:00:00,12:15:00,Mar-Nov,Domingo,12.386706948640484
12:00:00,12:15:00,Mar-Nov,Jueves,21.963541666666668
12:00:00,12:15:00,Mar-Nov,Lunes,23.238578680203045
12:00:00,12:15:00,Mar-Nov,Martes,23.073047858942065
12:00:00,12:15:00,Mar-Nov,Miércoles,23.733830845771145
12:00:00,12:15:00,Mar-Nov,Sábado,20.280104712041886
12:00:00,12:15:00,Mar-Nov,Viernes,22.776978417266186
12:15:00,12:30:00,Dic-Feb,Domingo,14.5
12:15:00,12:30:00,Dic-Feb,Jueves,29.62589928057554
12:15:00,12:30:00,Dic-Feb,Lunes,25.205298013245034
12:15:00,12:30:00,Dic-Feb,Martes,24.46
12:15:00,12:30:00,Dic-Feb,Miércoles,27.597014925373134
12:15:00,12:30:00,Dic-Feb,Sábado,21.45689655172414
12:15:00,12:30:00,Dic-Feb,Viernes,27.33884297520661
12:15:00,12:30:00,Mar-Nov,Domingo,15.34
12:15:00,12:30:00,Mar-Nov,Jueves,23.279373368146214
12:15:00,12:30:00,Mar-Nov,Lunes,25.034825870646767
12:15:00,12:30:00,Mar-Nov,Martes,24.67766497461929
12:15:00,12:30:00,Mar-Nov,Miércoles,24.7175
12:15:00,12:30:00,Mar-Nov,Sábado,19.349206349206348
12:15:00,12:30:00,Mar-Nov,Viernes,26.264423076923077
12:30:00,12:45:00,Dic-Feb,Domingo,11.733333333333333
12:30:00,12:45:00,Dic-Feb,Jueves,25.645390070921987
12:30:00,12:45:00,Dic-Feb,Lunes,24.68027210884354
12:30:00,12:45:00,Dic-Feb,Martes,24.271523178807946
12:30:00,12:45:00,Dic-Feb,Miércoles,26.235294117647058
12:30:00,12:45:00,Dic-Feb,Sábado,20.058333333333334
12:30:00,12:45:00,Dic-Feb,Viernes,27.650406504065042
12:30:00,12:45:00,Mar-Nov,Domingo,14.08849557522124
12:30:00,12:45:00,Mar-Nov,Jueves,26.36855670103093
12:30:00,12:45:00,Mar-Nov,Lunes,24.5273631840796
12:30:00,12:45:00,Mar-Nov,Martes,26.035353535353536
12:30:00,12:45:00,Mar-Nov,Miércoles,25.24937655860349
12:30:00,12:45:00,Mar-Nov,Sábado,23.04102564102564
12:30:00,12:45:00,Mar-Nov,Viernes,24.75779376498801
12:45:00,13:00:00,Dic-Feb,Domingo,12.086206896551724
12:45:00,13:00:00,Dic-Feb,Jueves,30.17142857142857
12:45:00,13:00:00,Dic-Feb,Lunes,25.469798657718123
12:45:00,13:00:00,Dic-Feb,Martes,26.34228187919463
12:45:00,13:00:00,Dic-Feb,Miércoles,27.912408759124087
12:45:00,13:00:00,Dic-Feb,Sábado,23.18032786885246
12:45:00,13:00:00,Dic-Feb,Viernes,30.491803278688526
12:45:00,13:00:00,Mar-Nov,Domingo,11.458461538461538
12:45:00,13:00:00,Mar-Nov,Jueves,29.853846153846153
12:45:00,13:00:00,Mar-Nov,Lunes,29.142156862745097
12:45:00,13:00:00,Mar-Nov,Martes,31.831658291457288
12:45:00,13:00:00,Mar-Nov,Miércoles,31.18407960199005
12:45:00,13:00:00,Mar-Nov,Sábado,17.522911051212937
12:45:00,13:00:00,Mar-Nov,Viernes,31.97877358490566
13:00:00,13:15:00,Dic-Feb,Domingo,13.375
13:00:00,13:15:00,Dic-Feb,Jueves,30.09090909090909
13:00:00,13:15:00,Dic-Feb,Lunes,28.755102040816325
13:00:00,13:15:00,Dic-Feb,Martes,27.217105263157894
13:00:00,13:15:00,Dic-Feb,Miércoles,27.47517730496454
13:00:00,13:15:00,Dic-Feb,Sábado,22.26890756302521
13:00:00,13:15:00,Dic-Feb,Viernes,34.25
13:00:00,13:15:00,Mar-Nov,Domingo,16.728070175438596
13:00:00,13:15:00,Mar-Nov,Jueves,30.778061224489797
13:00:00,13:15:00,Mar-Nov,Lunes,32.96560196560196
13:00:00,13:15:00,Mar-Nov,Martes,30.22906403940887
13:00:00,13:15:00,Mar-Nov,Miércoles,30.83941605839416
13:00:00,13:15:00,Mar-Nov,Sábado,28.005102040816325
13:00:00,13:15:00,Mar-Nov,Viernes,31.943661971830984
13:15:00,13:30:00,Dic-Feb,Domingo,13.033613445378151
13:15:00,13:30:00,Dic-Feb,Jueves,29.04255319148936
13:15:00,13:30:00,Dic-Feb,Lunes,26.85234899328859
13:15:00,13:30:00,Dic-Feb,Martes,25.2987012987013
13:15:00,13:30:00,Dic-Feb,Miércoles,28.02127659574468
13:15:00,13:30:00,Dic-Feb,Sábado,25.21311475409836
13:15:00,13:30:00,Dic-Feb,Viernes,30.147540983606557
13:15:00,13:30:00,Mar-Nov,Domingo,12.378299120234605
13:15:00,13:30:00,Mar-Nov,Jueves,37.6875
13:15:00,13:30:00,Mar-Nov,Lunes,37.94647201946472
13:15:00,13:30:00,Mar-Nov,Martes,42.03414634146341
13:15:00,13:30:00,Mar-Nov,Miércoles,38.23716381418093
13:15:00,13:30:00,Mar-Nov,Sábado,23.176315789473684
13:15:00,13:30:00,Mar-Nov,Viernes,38.29370629370629
13:30:00,13:45:00,Dic-Feb,Domingo,12.245762711864407
13:30:00,13:45:00,Dic-Feb,Jueves,27.89051094890511
13:30:00,13:45:00,Dic-Feb,Lunes,26.503355704697988
13:30:00,13:45:00,Dic-Feb,Martes,28.725490196078432
13:30:00,13:45:00,Dic-Feb,Miércoles,26.75
13:30:00,13:45:00,Dic-Feb,Sábado,22.903508771929825
13:30:00,13:45:00,Dic-Feb,Viernes,29.504
13:30:00,13:45:00,Mar-Nov,Domingo,13.294294294294295
13:30:00,13:45:00,Mar-Nov,Jueves,38.52429667519181
13:30:00,13:45:00,Mar-Nov,Lunes,39.54237288135593
13:30:00,13:45:00,Mar-Nov,Martes,37.27764127764128
13:30:00,13:45:00,Mar-Nov,Miércoles,38.127139364303176
13:30:00,13:45:00,Mar-Nov,Sábado,21.06578947368421
13:30:00,13:45:00,Mar-Nov,Viernes,37.270783847981
13:45:00,14:00:00,Dic-Feb,Domingo,13.264462809917354
13:45:00,14:00:00,Dic-Feb,Jueves,31.75187969924812
13:45:00,14:00:00,Dic-Feb,Lunes,27.2972972972973
13:45:00,14:00:00,Dic-Feb,Martes,26.26797385620915
13:45:00,14:00:00,Dic-Feb,Miércoles,28.928571428571427
13:45:00,14:00:00,Dic-Feb,Sábado,30.278260869565216
13:45:00,14:00:00,Dic-Feb,Viernes,31.272727272727273
13:45:00,14:00:00,Mar-Nov,Domingo,15.512676056338028
13:45:00,14:00:00,Mar-Nov,Jueves,33.97738693467337
13:45:00,14:00:00,Mar-Nov,Lunes,32.12135922330097
13:45:00,14:00:00,Mar-Nov,Martes,34.42579075425791
13:45:00,14:00:00,Mar-Nov,Miércoles,32.46191646191646
13:45:00,14:00:00,Mar-Nov,Sábado,27.625
13:45:00,14:00:00,Mar-Nov,Viernes,33.64941176470588
14:00:00,14:15:00,Dic-Feb,Domingo,12.630252100840336
14:00:00,14:15:00,Dic-Feb,Jueves,36.285714285714285
14:00:00,14:15:00,Dic-Feb,Lunes,33.86
14:00:00,14:15:00,Dic-Feb,Martes,32.12903225806452
14:00:00,14:15:00,Dic-Feb,Miércoles,33.191489361702125
14:00:00,14:15:00,Dic-Feb,Sábado,24.383928571428573
14:00:00,14:15:00,Dic-Feb,Viernes,34.701492537313435
14:00:00,14:15:00,Mar-Nov,Domingo,11.220930232558139
14:00:00,14:15:00,Mar-Nov,Jueves,34.5075
14:00:00,14:15:00,Mar-Nov,Lunes,36.86506024096386
14:00:00,14:15:00,Mar-Nov,Martes,35.64423076923077
14:00:00,14:15:00,Mar-Nov,Miércoles,35.17037037037037
14:00:00,14:15:00,Mar-Nov,Sábado,19.90374331550802
14:00:00,14:15:00,Mar-Nov,Viernes,35.82185273159145
14:15:00,14:30:00,Dic-Feb,Domingo,13.095652173913043
14:15:00,14:30:00,Dic-Feb,Jueves,34.94736842105263
14:15:00,14:30:00,Dic-Feb,Lunes,34.45695364238411
14:15:00,14:30:00,Dic-Feb,Martes,34.09395973154363
14:15:00,14:30:00,Dic-Feb,Miércoles,35.780141843971634
14:15:00,14:30:00,Dic-Feb,Sábado,23.82758620689655
14:15:00,14:30:00,Dic-Feb,Viernes,35.992537313432834
14:15:00,14:30:00,Mar-Nov,Domingo,15.0
14:15:00,14:30:00,Mar-Nov,Jueves,34.9471032745592
14:15:00,14:30:00,Mar-Nov,Lunes,34.42542787286064
14:15:00,14:30:00,Mar-Nov,Martes,35.13012048192771
14:15:00,14:30:00,Mar-Nov,Miércoles,35.0525
14:15:00,14:30:00,Mar-Nov,Sábado,25.901808785529717
14:15:00,14:30:00,Mar-Nov,Viernes,33.86265060240964
14:30:00,14:45:00,Dic-Feb,Domingo,17.017857142857142
14:30:00,14:45:00,Dic-Feb,Jueves,36.45522388059702
14:30:00,14:45:00,Dic-Feb,Lunes,29.7
14:30:00,14:45:00,Dic-Feb,Martes,29.322580645161292
14:30:00,14:45:00,Dic-Feb,Miércoles,32.570422535211264
14:30:00,14:45:00,Dic-Feb,Sábado,28.198347107438018
14:30:00,14:45:00,Dic-Feb,Viernes,34.276119402985074
14:30:00,14:45:00,Mar-Nov,Domingo,17.28955223880597
14:30:00,14:45:00,Mar-Nov,Jueves,32.68888888888889
14:30:00,14:45:00,Mar-Nov,Lunes,32.358536585365854
14:30:00,14:45:00,Mar-Nov,Martes,34.05825242718446
14:30:00,14:45:00,Mar-Nov,Miércoles,33.19410319410319
14:30:00,14:45:00,Mar-Nov,Sábado,26.279255319148938
14:30:00,14:45:00,Mar-Nov,Viernes,35.08894230769231
14:45:00,15:00:00,Dic-Feb,Domingo,12.727272727272727
14:45:00,15:00:00,Dic-Feb,Jueves,36.08270676691729
14:45:00,15:00:00,Dic-Feb,Lunes,34.205298013245034
14:45:00,15:00:00,Dic-Feb,Martes,31.23489932885906
14:45:00,15:00:00,Dic-Feb,Miércoles,31.949640287769785
14:45:00,15:00:00,Dic-Feb,Sábado,23.49137931034483
14:45:00,15:00:00,Dic-Feb,Viernes,34.628787878787875
14:45:00,15:00:00,Mar-Nov,Domingo,11.691358024691358
14:45:00,15:00:00,Mar-Nov,Jueves,33.234848484848484
14:45:00,15:00:00,Mar-Nov,Lunes,34.79318734793188
14:45:00,15:00:00,Mar-Nov,Martes,34.97355769230769
14:45:00,15:00:00,Mar-Nov,Miércoles,33.754950495049506
14:45:00,15:00:00,Mar-Nov,Sábado,19.424324324324324
14:45:00,15:00:00,Mar-Nov,Viernes,36.72992700729927
15:00:00,15:15:00,Dic-Feb,Domingo,15.270491803278688
15:00:00,15:15:00,Dic-Feb,Jueves,34.75
15:00:00,15:15:00,Dic-Feb,Lunes,29.486666666666668
15:00:00,15:15:00,Dic-Feb,Martes,32.506493506493506
15:00:00,15:15:00,Dic-Feb,Miércoles,31.142857142857142
15:00:00,15:15:00,Dic-Feb,Sábado,22.891666666666666
15:00:00,15:15:00,Dic-Feb,Viernes,35.11194029850746
15:00:00,15:15:00,Mar-Nov,Domingo,15.920227920227921
15:00:00,15:15:00,Mar-Nov,Jueves,32.52777777777778
15:00:00,15:15:00,Mar-Nov,Lunes,30.422604422604422
15:00:00,15:15:00,Mar-Nov,Martes,33.719128329297824
15:00:00,15:15:00,Mar-Nov,Miércoles,31.411027568922307
15:00:00,15:15:00,Mar-Nov,Sábado,26.332474226804123
15:00:00,15:15:00,Mar-Nov,Viernes,35.65770171149144
15:15:00,15:30:00,Dic-Feb,Domingo,18.693548387096776
15:15:00,15:30:00,Dic-Feb,Jueves,38.45925925925926
15:15:00,15:30:00,Dic-Feb,Lunes,33.90066225165563
15:15:00,15:30:00,Dic-Feb,Martes,32.75816993464052
15:15:00,15:30:00,Dic-Feb,Miércoles,35.871428571428574
15:15:00,15:30:00,Dic-Feb,Sábado,25.883333333333333
15:15:00,15:30:00,Dic-Feb,Viernes,41.045112781954884
15:15:00,15:30:00,Mar-Nov,Domingo,14.165680473372781
15:15:00,15:30:00,Mar-Nov,Jueves,35.56930693069307
15:15:00,15:30:00,Mar-Nov,Lunes,34.173594132029336
15:15:00,15:30:00,Mar-Nov,Martes,36.10386473429951
15:15:00,15:30:00,Mar-Nov,Miércoles,34.663316582914575
15:15:00,15:30:00,Mar-Nov,Sábado,20.067934782608695
15:15:00,15:30:00,Mar-Nov,Viernes,39.327669902912625
15:30:00,15:45:00,Dic-Feb,Domingo,11.869565217391305
15:30:00,15:45:00,Dic-Feb,Jueves,36.067669172932334
15:30:00,15:45:00,Dic-Feb,Lunes,33.71527777777778
15:30:00,15:45:00,Dic-Feb,Martes,32.33112582781457
15:30:00,15:45:00,Dic-Feb,Miércoles,32.929577464788736
15:30:00,15:45:00,Dic-Feb,Sábado,22.643478260869564
15:30:00,15:45:00,Dic-Feb,Viernes,39.15555555555556
15:30:00,15:45:00,Mar-Nov,Domingo,13.91317365269461
15:30:00,15:45:00,Mar-Nov,Jueves,34.691542288557216
15:30:00,15:45:00,Mar-Nov,Lunes,34.74154589371981
15:30:00,15:45:00,Mar-Nov,Martes,35.155502392344495
15:30:00,15:45:00,Mar-Nov,Miércoles,36.40298507462686
15:30:00,15:45:00,Mar-Nov,Sábado,25.20408163265306
15:30:00,15:45:00,Mar-Nov,Viernes,36.66987951807229
15:45:00,16:00:00,Dic-Feb,Domingo,17.554621848739497
15:45:00,16:00:00,Dic-Feb,Jueves,39.77622377622377
15:45:00,16:00:00,Dic-Feb,Lunes,36.79194630872483
15:45:00,16:00:00,Dic-Feb,Martes,38.625
15:45:00,16:00:00,Dic-Feb,Miércoles,38.12587412587413
15:45:00,16:00:00,Dic-Feb,Sábado,28.16393442622951
15:45:00,16:00:00,Dic-Feb,Viernes,44.08888888888889
15:45:00,16:00:00,Mar-Nov,Domingo,16.336111111111112
15:45:00,16:00:00,Mar-Nov,Jueves,36.39698492462311
15:45:00,16:00:00,Mar-Nov,Lunes,37.12469437652812
15:45:00,16:00:00,Mar-Nov,Martes,37.043373493975906
15:45:00,16:00:00,Mar-Nov,Miércoles,33.772277227722775
15:45:00,16:00:00,Mar-Nov,Sábado,25.481865284974095
15:45:00,16:00:00,Mar-Nov,Viernes,43.1256157635468
16:00:00,16:15:00,Dic-Feb,Domingo,14.581196581196581
16:00:00,16:15:00,Dic-Feb,Jueves,44.15277777777778
16:00:00,16:15:00,Dic-Feb,Lunes,39.44
16:00:00,16:15:00,Dic-Feb,Martes,36.69078947368421
16:00:00,16:15:00,Dic-Feb,Miércoles,38.645833333333336
16:00:00,16:15:00,Dic-Feb,Sábado,20.68141592920354
16:00:00,16:15:00,Dic-Feb,Viernes,50.666666666666664
16:00:00,16:15:00,Mar-Nov,Domingo,11.480938416422287
16:00:00,16:15:00,Mar-Nov,Jueves,39.59653465346535
16:00:00,16:15:00,Mar-Nov,Lunes,36.66256157635468
16:00:00,16:15:00,Mar-Nov,Martes,40.78657074340528
16:00:00,16:15:00,Mar-Nov,Miércoles,40.98550724637681
16:00:00,16:15:00,Mar-Nov,Sábado,18.201570680628272
16:00:00,16:15:00,Mar-Nov,Viernes,40.45145631067961
16:15:00,16:30:00,Dic-Feb,Domingo,18.475409836065573
16:15:00,16:30:00,Dic-Feb,Jueves,43.875
16:15:00,16:30:00,Dic-Feb,Lunes,38.858108108108105
16:15:00,16:30:00,Dic-Feb,Martes,42.83225806451613
16:15:00,16:30:00,Dic-Feb,Miércoles,44.79136690647482
16:15:00,16:30:00,Dic-Feb,Sábado,26.47826086956522
16:15:00,16:30:00,Dic-Feb,Viernes,45.096296296296295
16:15:00,16:30:00,Mar-Nov,Domingo,19.338797814207652
16:15:00,16:30:00,Mar-Nov,Jueves,41.80597014925373
16:15:00,16:30:00,Mar-Nov,Lunes,44.85749385749386
16:15:00,16:30:00,Mar-Nov,Martes,41.49043062200957
16:15:00,16:30:00,Mar-Nov,Miércoles,42.23990498812351
16:15:00,16:30:00,Mar-Nov,Sábado,27.56958762886598
16:15:00,16:30:00,Mar-Nov,Viernes,49.36842105263158
16:30:00,16:45:00,Dic-Feb,Domingo,17.49206349206349
16:30:00,16:45:00,Dic-Feb,Jueves,58.296551724137935
16:30:00,16:45:00,Dic-Feb,Lunes,47.77483443708609
16:30:00,16:45:00,Dic-Feb,Martes,48.38157894736842
16:30:00,16:45:00,Dic-Feb,Miércoles,46.957142857142856
16:30:00,16:45:00,Dic-Feb,Sábado,25.914529914529915
16:30:00,16:45:00,Dic-Feb,Viernes,53.2962962962963
16:30:00,16:45:00,Mar-Nov,Domingo,17.036312849162012
16:30:00,16:45:00,Mar-Nov,Jueves,50.61042183622829
16:30:00,16:45:00,Mar-Nov,Lunes,47.67718446601942
16:30:00,16:45:00,Mar-Nov,Martes,50.737588652482266
16:30:00,16:45:00,Mar-Nov,Miércoles,47.54892601431981
16:30:00,16:45:00,Mar-Nov,Sábado,22.203703703703702
16:30:00,16:45:00,Mar-Nov,Viernes,53.59903381642512
16:45:00,17:00:00,Dic-Feb,Domingo,16.338709677419356
16:45:00,17:00:00,Dic-Feb,Jueves,52.14383561643836
16:45:00,17:00:00,Dic-Feb,Lunes,44.60130718954248
16:45:00,17:00:00,Dic-Feb,Martes,46.13815789473684
16:45:00,17:00:00,Dic-Feb,Miércoles,44.156028368794324
16:45:00,17:00:00,Dic-Feb,Sábado,21.330357142857142
16:45:00,17:00:00,Dic-Feb,Viernes,49.11278195488722
16:45:00,17:00:00,Mar-Nov,Domingo,16.50985915492958
16:45:00,17:00:00,Mar-Nov,Jueves,51.84691358024691
16:45:00,17:00:00,Mar-Nov,Lunes,51.26139088729017
16:45:00,17:00:00,Mar-Nov,Martes,51.68396226415094
16:45:00,17:00:00,Mar-Nov,Miércoles,51.872037914691944
16:45:00,17:00:00,Mar-Nov,Sábado,22.357142857142858
16:45:00,17:00:00,Mar-Nov,Viernes,55.53937947494033
17:00:00,17:15:00,Dic-Feb,Domingo,23.307692307692307
17:00:00,17:15:00,Dic-Feb,Jueves,61.04827586206896
17:00:00,17:15:00,Dic-Feb,Lunes,52.68181818181818
17:00:00,17:15:00,Dic-Feb,Martes,51.348387096774196
17:00:00,17:15:00,Dic-Feb,Miércoles,54.072463768115945
17:00:00,17:15:00,Dic-Feb,Sábado,31.432
17:00:00,17:15:00,Dic-Feb,Viernes,59.19847328244275
17:00:00,17:15:00,Mar-Nov,Domingo,18.271052631578947
17:00:00,17:15:00,Mar-Nov,Jueves,52.766169154228855
17:00:00,17:15:00,Mar-Nov,Lunes,51.19806763285024
17:00:00,17:15:00,Mar-Nov,Martes,54.31042654028436
17:00:00,17:15:00,Mar-Nov,Miércoles,51.3451536643026
17:00:00,17:15:00,Mar-Nov,Sábado,23.23152709359606
17:00:00,17:15:00,Mar-Nov,Viernes,55.813559322033896
17:15:00,17:30:00,Dic-Feb,Domingo,15.776
17:15:00,17:30:00,Dic-Feb,Jueves,73.48275862068965
17:15:00,17:30:00,Dic-Feb,Lunes,56.00645161290323
17:15:00,17:30:00,Dic-Feb,Martes,61.42857142857143
17:15:00,17:30:00,Dic-Feb,Miércoles,58.74647887323944
17:15:00,17:30:00,Dic-Feb,Sábado,21.475806451612904
17:15:00,17:30:00,Dic-Feb,Viernes,64.55970149253731
17:15:00,17:30:00,Mar-Nov,Domingo,19.354497354497354
17:15:00,17:30:00,Mar-Nov,Jueves,60.68982630272953
17:15:00,17:30:00,Mar-Nov,Lunes,62.666666666666664
17:15:00,17:30:00,Mar-Nov,Martes,63.714622641509436
17:15:00,17:30:00,Mar-Nov,Miércoles,60.62380952380953
17:15:00,17:30:00,Mar-Nov,Sábado,23.979949874686717
17:15:00,17:30:00,Mar-Nov,Viernes,60.72572815533981
17:30:00,17:45:00,Dic-Feb,Domingo,23.044776119402986
17:30:00,17:45:00,Dic-Feb,Jueves,67.52413793103449
17:30:00,17:45:00,Dic-Feb,Lunes,53.29220779220779
17:30:00,17:45:00,Dic-Feb,Martes,59.54666666666667
17:30:00,17:45:00,Dic-Feb,Miércoles,56.97122302158273
17:30:00,17:45:00,Dic-Feb,Sábado,23.8
17:30:00,17:45:00,Dic-Feb,Viernes,68.71111111111111
17:30:00,17:45:00,Mar-Nov,Domingo,23.350132625994696
17:30:00,17:45:00,Mar-Nov,Jueves,65.77777777777777
17:30:00,17:45:00,Mar-Nov,Lunes,61.650366748166256
17:30:00,17:45:00,Mar-Nov,Martes,67.5093896713615
17:30:00,17:45:00,Mar-Nov,Miércoles,59.95497630331754
17:30:00,17:45:00,Mar-Nov,Sábado,25.34170854271357
17:30:00,17:45:00,Mar-Nov,Viernes,61.84878048780488
17:45:00,18:00:00,Dic-Feb,Domingo,21.84
17:45:00,18:00:00,Dic-Feb,Jueves,71.05479452054794
17:45:00,18:00:00,Dic-Feb,Lunes,61.36842105263158
17:45:00,18:00:00,Dic-Feb,Martes,61.35947712418301
17:45:00,18:00:00,Dic-Feb,Miércoles,62.26086956521739
17:45:00,18:00:00,Dic-Feb,Sábado,26.082644628099175
17:45:00,18:00:00,Dic-Feb,Viernes,63.96296296296296
17:45:00,18:00:00,Mar-Nov,Domingo,18.201680672268907
17:45:00,18:00:00,Mar-Nov,Jueves,65.05707196029776
17:45:00,18:00:00,Mar-Nov,Lunes,63.05755395683453
17:45:00,18:00:00,Mar-Nov,Martes,64.58156028368795
17:45:00,18:00:00,Mar-Nov,Miércoles,64.73621103117506
17:45:00,18:00:00,Mar-Nov,Sábado,23.514285714285716
17:45:00,18:00:00,Mar-Nov,Viernes,61.71898734177215
18:00:00,18:15:00,Dic-Feb,Domingo,20.89344262295082
18:00:00,18:15:00,Dic-Feb,Jueves,61.95804195804196
18:00:00,18:15:00,Dic-Feb,Lunes,54.11184210526316
18:00:00,18:15:00,Dic-Feb,Martes,53.65359477124183
18:00:00,18:15:00,Dic-Feb,Miércoles,51.984848484848484
18:00:00,18:15:00,Dic-Feb,Sábado,24.541666666666668
18:00:00,18:15:00,Dic-Feb,Viernes,54.75555555555555
18:00:00,18:15:00,Mar-Nov,Domingo,24.74607329842932
18:00:00,18:15:00,Mar-Nov,Jueves,58.728179551122196
18:00:00,18:15:00,Mar-Nov,Lunes,55.88461538461539
18:00:00,18:15:00,Mar-Nov,Martes,64.41355140186916
18:00:00,18:15:00,Mar-Nov,Miércoles,60.04545454545455
18:00:00,18:15:00,Mar-Nov,Sábado,24.336870026525197
18:00:00,18:15:00,Mar-Nov,Viernes,58.8009828009828
18:15:00,18:30:00,Dic-Feb,Domingo,24.5
18:15:00,18:30:00,Dic-Feb,Jueves,62.53846153846154
18:15:00,18:30:00,Dic-Feb,Lunes,48.44736842105263
18:15:00,18:30:00,Dic-Feb,Martes,57.40268456375839
18:15:00,18:30:00,Dic-Feb,Miércoles,54.22794117647059
18:15:00,18:30:00,Dic-Feb,Sábado,28.03305785123967
18:15:00,18:30:00,Dic-Feb,Viernes,63.734375
18:15:00,18:30:00,Mar-Nov,Domingo,19.96712328767123
18:15:00,18:30:00,Mar-Nov,Jueves,53.17380352644836
18:15:00,18:30:00,Mar-Nov,Lunes,50.5
18:15:00,18:30:00,Mar-Nov,Martes,53.451536643026
18:15:00,18:30:00,Mar-Nov,Miércoles,48.90384615384615
18:15:00,18:30:00,Mar-Nov,Sábado,25.86436170212766
18:15:00,18:30:00,Mar-Nov,Viernes,54.26341463414634
18:30:00,18:45:00,Dic-Feb,Domingo,23.6
18:30:00,18:45:00,Dic-Feb,Jueves,64.76595744680851
18:30:00,18:45:00,Dic-Feb,Lunes,51.93421052631579
18:30:00,18:45:00,Dic-Feb,Martes,47.87248322147651
18:30:00,18:45:00,Dic-Feb,Miércoles,53.286764705882355
18:30:00,18:45:00,Dic-Feb,Sábado,24.008403361344538
18:30:00,18:45:00,Dic-Feb,Viernes,58.146153846153844
18:30:00,18:45:00,Mar-Nov,Domingo,22.739247311827956
18:30:00,18:45:00,Mar-Nov,Jueves,54.721518987341774
18:30:00,18:45:00,Mar-Nov,Lunes,51.20100502512563
18:30:00,18:45:00,Mar-Nov,Martes,55.285714285714285
18:30:00,18:45:00,Mar-Nov,Miércoles,54.888888888888886
18:30:00,18:45:00,Mar-Nov,Sábado,21.639118457300274
18:30:00,18:45:00,Mar-Nov,Viernes,52.0219512195122
18:45:00,19:00:00,Dic-Feb,Domingo,26.2406015037594
18:45:00,19:00:00,Dic-Feb,Jueves,43.26573426573427
18:45:00,19:00:00,Dic-Feb,Lunes,39.346666666666664
18:45:00,19:00:00,Dic-Feb,Martes,42.95205479452055
18:45:00,19:00:00,Dic-Feb,Miércoles,37.70967741935484
18:45:00,19:00:00,Dic-Feb,Sábado,26.627118644067796
18:45:00,19:00:00,Dic-Feb,Viernes,44.93181818181818
18:45:00,19:00:00,Mar-Nov,Domingo,25.113756613756614
18:45:00,19:00:00,Mar-Nov,Jueves,41.71059431524548
18:45:00,19:00:00,Mar-Nov,Lunes,40.213197969543145
18:45:00,19:00:00,Mar-Nov,Martes,43.22249388753056
18:45:00,19:00:00,Mar-Nov,Miércoles,40.83497536945813
18:45:00,19:00:00,Mar-Nov,Sábado,28.489473684210527
18:45:00,19:00:00,Mar-Nov,Viernes,46.29656862745098
19:00:00,19:15:00,Dic-Feb,Domingo,19.865079365079364
19:00:00,19:15:00,Dic-Feb,Jueves,41.69230769230769
19:00:00,19:15:00,Dic-Feb,Lunes,33.598684210526315
19:00:00,19:15:00,Dic-Feb,Martes,36.7248322147651
19:00:00,19:15:00,Dic-Feb,Miércoles,37.286821705426355
19:00:00,19:15:00,Dic-Feb,Sábado,20.317073170731707
19:00:00,19:15:00,Dic-Feb,Viernes,42.97692307692308
19:00:00,19:15:00,Mar-Nov,Domingo,20.141333333333332
19:00:00,19:15:00,Mar-Nov,Jueves,37.19437340153453
19:00:00,19:15:00,Mar-Nov,Lunes,34.549479166666664
19:00:00,19:15:00,Mar-Nov,Martes,34.2179176755448
19:00:00,19:15:00,Mar-Nov,Miércoles,33.425
19:00:00,19:15:00,Mar-Nov,Sábado,21.564864864864866
19:00:00,19:15:00,Mar-Nov,Viernes,36.63942307692308
19:15:00,19:30:00,Dic-Feb,Domingo,20.84375
19:15:00,19:30:00,Dic-Feb,Jueves,39.57857142857143
19:15:00,19:30:00,Dic-Feb,Lunes,33.76027397260274
19:15:00,19:30:00,Dic-Feb,Martes,33.08029197080292
19:15:00,19:30:00,Dic-Feb,Miércoles,33.63709677419355
19:15:00,19:30:00,Dic-Feb,Sábado,24.0
19:15:00,19:30:00,Dic-Feb,Viernes,42.93798449612403
19:15:00,19:30:00,Mar-Nov,Domingo,19.654596100278553
19:15:00,19:30:00,Mar-Nov,Jueves,31.602094240837697
19:15:00,19:30:00,Mar-Nov,Lunes,29.393700787401574
19:15:00,19:30:00,Mar-Nov,Martes,31.66751269035533
19:15:00,19:30:00,Mar-Nov,Miércoles,31.301020408163264
19:15:00,19:30:00,Mar-Nov,Sábado,22.452830188679247
19:15:00,19:30:00,Mar-Nov,Viernes,39.11691542288557
19:30:00,19:45:00,Dic-Feb,Domingo,25.2015503875969
19:30:00,19:45:00,Dic-Feb,Jueves,34.88721804511278
19:30:00,19:45:00,Dic-Feb,Lunes,26.01388888888889
19:30:00,19:45:00,Dic-Feb,Martes,27.579310344827586
19:30:00,19:45:00,Dic-Feb,Miércoles,28.429752066115704
19:30:00,19:45:00,Dic-Feb,Sábado,25.826446280991735
19:30:00,19:45:00,Dic-Feb,Viernes,33.173228346456696
19:30:00,19:45:00,Mar-Nov,Domingo,23.86898395721925
19:30:00,19:45:00,Mar-Nov,Jueves,28.8130081300813
19:30:00,19:45:00,Mar-Nov,Lunes,27.907103825136613
19:30:00,19:45:00,Mar-Nov,Martes,27.382051282051282
19:30:00,19:45:00,Mar-Nov,Miércoles,26.14814814814815
19:30:00,19:45:00,Mar-Nov,Sábado,23.6875
19:30:00,19:45:00,Mar-Nov,Viernes,32.92211055276382
19:45:00,20:00:00,Dic-Feb,Domingo,24.578125
19:45:00,20:00:00,Dic-Feb,Jueves,24.96153846153846
19:45:00,20:00:00,Dic-Feb,Lunes,24.685314685314687
19:45:00,20:00:00,Dic-Feb,Martes,23.43884892086331
19:45:00,20:00:00,Dic-Feb,Miércoles,26.540983606557376
19:45:00,20:00:00,Dic-Feb,Sábado,23.20689655172414
19:45:00,20:00:00,Dic-Feb,Viernes,30.0
19:45:00,20:00:00,Mar-Nov,Domingo,21.354748603351954
19:45:00,20:00:00,Mar-Nov,Jueves,22.230113636363637
19:45:00,20:00:00,Mar-Nov,Lunes,21.91364902506964
19:45:00,20:00:00,Mar-Nov,Martes,22.445652173913043
19:45:00,20:00:00,Mar-Nov,Miércoles,23.069444444444443
19:45:00,20:00:00,Mar-Nov,Sábado,21.939058171745152
19:45:00,20:00:00,Mar-Nov,Viernes,29.170103092783506
20:00:00,20:15:00,Dic-Feb,Domingo,17.376
20:00:00,20:15:00,Dic-Feb,Jueves,27.519083969465647
20:00:00,20:15:00,Dic-Feb,Lunes,22.70344827586207
20:00:00,20:15:00,Dic-Feb,Martes,22.1056338028169
20:00:00,20:15:00,Dic-Feb,Miércoles,25.126050420168067
20:00:00,20:15:00,Dic-Feb,Sábado,24.330188679245282
20:00:00,20:15:00,Dic-Feb,Viernes,32.55172413793103
20:00:00,20:15:00,Mar-Nov,Domingo,18.907608695652176
20:00:00,20:15:00,Mar-Nov,Jueves,22.60674157303371
20:00:00,20:15:00,Mar-Nov,Lunes,20.041551246537395
20:00:00,20:15:00,Mar-Nov,Martes,20.30952380952381
20:00:00,20:15:00,Mar-Nov,Miércoles,20.64945652173913
20:00:00,20:15:00,Mar-Nov,Sábado,22.864022662889518
20:00:00,20:15:00,Mar-Nov,Viernes,27.830729166666668
20:15:00,20:30:00,Dic-Feb,Domingo,21.811023622047244
20:15:00,20:30:00,Dic-Feb,Jueves,24.447154471544714
20:15:00,20:30:00,Dic-Feb,Lunes,21.706293706293707
20:15:00,20:30:00,Dic-Feb,Martes,21.762962962962963
20:15:00,20:30:00,Dic-Feb,Miércoles,22.264462809917354
20:15:00,20:30:00,Dic-Feb,Sábado,20.064814814814813
20:15:00,20:30:00,Dic-Feb,Viernes,28.053571428571427
20:15:00,20:30:00,Mar-Nov,Domingo,18.839080459770116
20:15:00,20:30:00,Mar-Nov,Jueves,19.623880597014924
20:15:00,20:30:00,Mar-Nov,Lunes,17.826210826210826
20:15:00,20:30:00,Mar-Nov,Martes,18.025069637883007
20:15:00,20:30:00,Mar-Nov,Miércoles,20.157738095238095
20:15:00,20:30:00,Mar-Nov,Sábado,22.220289855072465
20:15:00,20:30:00,Mar-Nov,Viernes,25.148936170212767
20:30:00,20:45:00,Dic-Feb,Domingo,18.094488188976378
20:30:00,20:45:00,Dic-Feb,Jueves,26.4296875
20:30:00,20:45:00,Dic-Feb,Lunes,20.77536231884058
20:30:00,20:45:00,Dic-Feb,Martes,20.454545454545453
20:30:00,20:45:00,Dic-Feb,Miércoles,23.920353982300885
20:30:00,20:45:00,Dic-Feb,Sábado,21.256880733944953
20:30:00,20:45:00,Dic-Feb,Viernes,27.12
20:30:00,20:45:00,Mar-Nov,Domingo,17.522727272727273
20:30:00,20:45:00,Mar-Nov,Jueves,18.531722054380666
20:30:00,20:45:00,Mar-Nov,Lunes,17.41304347826087
20:30:00,20:45:00,Mar-Nov,Martes,16.30144927536232
20:30:00,20:45:00,Mar-Nov,Miércoles,17.021341463414632
20:30:00,20:45:00,Mar-Nov,Sábado,20.224489795918366
20:30:00,20:45:00,Mar-Nov,Viernes,21.303430079155675
20:45:00,21:00:00,Dic-Feb,Domingo,15.443548387096774
20:45:00,21:00:00,Dic-Feb,Jueves,22.84251968503937
20:45:00,21:00:00,Dic-Feb,Lunes,19.103703703703705
20:45:00,21:00:00,Dic-Feb,Martes,20.41269841269841
20:45:00,21:00:00,Dic-Feb,Miércoles,20.912280701754387
20:45:00,21:00:00,Dic-Feb,Sábado,23.326923076923077
20:45:00,21:00:00,Dic-Feb,Viernes,27.70940170940171
20:45:00,21:00:00,Mar-Nov,Domingo,15.837423312883436
20:45:00,21:00:00,Mar-Nov,Jueves,17.496913580246915
20:45:00,21:00:00,Mar-Nov,Lunes,15.912280701754385
20:45:00,21:00:00,Mar-Nov,Martes,16.715942028985506
20:45:00,21:00:00,Mar-Nov,Miércoles,16.944444444444443
20:45:00,21:00:00,Mar-Nov,Sábado,19.6524064171123
20:45:00,21:00:00,Mar-Nov,Viernes,25.08423913043478
21:00:00,21:15:00,Dic-Feb,Domingo,22.132231404958677
21:00:00,21:15:00,Dic-Feb,Jueves,18.565573770491802
21:00:00,21:15:00,Dic-Feb,Lunes,16.640287769784173
21:00:00,21:15:00,Dic-Feb,Martes,16.344
21:00:00,21:15:00,Dic-Feb,Miércoles,15.89423076923077
21:00:00,21:15:00,Dic-Feb,Sábado,19.766355140186917
21:00:00,21:15:00,Dic-Feb,Viernes,23.353448275862068
21:00:00,21:15:00,Mar-Nov,Domingo,18.1994459833795
21:00:00,21:15:00,Mar-Nov,Jueves,15.899109792284866
21:00:00,21:15:00,Mar-Nov,Lunes,15.048991354466859
21:00:00,21:15:00,Mar-Nov,Martes,15.368263473053892
21:00:00,21:15:00,Mar-Nov,Miércoles,16.137931034482758
21:00:00,21:15:00,Mar-Nov,Sábado,16.51585014409222
21:00:00,21:15:00,Mar-Nov,Viernes,19.261904761904763
21:15:00,21:30:00,Dic-Feb,Domingo,17.173553719008265
21:15:00,21:30:00,Dic-Feb,Jueves,20.115044247787612
21:15:00,21:30:00,Dic-Feb,Lunes,17.0625
21:15:00,21:30:00,Dic-Feb,Martes,18.027522935779817
21:15:00,21:30:00,Dic-Feb,Miércoles,18.27777777777778
21:15:00,21:30:00,Dic-Feb,Sábado,21.063157894736843
21:15:00,21:30:00,Dic-Feb,Viernes,22.444444444444443
21:15:00,21:30:00,Mar-Nov,Domingo,12.51923076923077
21:15:00,21:30:00,Mar-Nov,Jueves,14.277070063694268
21:15:00,21:30:00,Mar-Nov,Lunes,13.135483870967741
21:15:00,21:30:00,Mar-Nov,Martes,13.585987261146498
21:15:00,21:30:00,Mar-Nov,Miércoles,13.411764705882353
21:15:00,21:30:00,Mar-Nov,Sábado,15.24024024024024
21:15:00,21:30:00,Mar-Nov,Viernes,17.838526912181305
21:30:00,21:45:00,Dic-Feb,Domingo,20.27433628318584
21:30:00,21:45:00,Dic-Feb,Jueves,15.34959349593496
21:30:00,21:45:00,Dic-Feb,Lunes,14.078125
21:30:00,21:45:00,Dic-Feb,Martes,15.554545454545455
21:30:00,21:45:00,Dic-Feb,Miércoles,14.34020618556701
21:30:00,21:45:00,Dic-Feb,Sábado,16.711340206185568
21:30:00,21:45:00,Dic-Feb,Viernes,18.423423423423422
21:30:00,21:45:00,Mar-Nov,Domingo,12.053291536050157
21:30:00,21:45:00,Mar-Nov,Jueves,12.85953177257525
21:30:00,21:45:00,Mar-Nov,Lunes,12.66220735785953
21:30:00,21:45:00,Mar-Nov,Martes,12.692556634304207
21:30:00,21:45:00,Mar-Nov,Miércoles,12.626297577854672
21:30:00,21:45:00,Mar-Nov,Sábado,11.640483383685801
21:30:00,21:45:00,Mar-Nov,Viernes,15.870317002881844
21:45:00,22:00:00,Dic-Feb,Domingo,12.431192660550458
21:45:00,22:00:00,Dic-Feb,Jueves,12.096
21:45:00,22:00:00,Dic-Feb,Lunes,12.232
21:45:00,22:00:00,Dic-Feb,Martes,12.15929203539823
21:45:00,22:00:00,Dic-Feb,Miércoles,12.762376237623762
21:45:00,22:00:00,Dic-Feb,Sábado,14.81
21:45:00,22:00:00,Dic-Feb,Viernes,14.981481481481481
21:45:00,22:00:00,Mar-Nov,Domingo,8.548042704626335
21:45:00,22:00:00,Mar-Nov,Jueves,10.934426229508198
21:45:00,22:00:00,Mar-Nov,Lunes,10.555183946488294
21:45:00,22:00:00,Mar-Nov,Martes,10.198717948717949
21:45:00,22:00:00,Mar-Nov,Miércoles,11.114186851211073
21:45:00,22:00:00,Mar-Nov,Sábado,10.838815789473685
21:45:00,22:00:00,Mar-Nov,Viernes,14.06060606060606
22:00:00,22:15:00,Dic-Feb,Domingo,14.29126213592233
22:00:00,22:15:00,Dic-Feb,Jueves,13.885245901639344
22:00:00,22:15:00,Dic-Feb,Lunes,11.914728682170542
22:00:00,22:15:00,Dic-Feb,Martes,14.776699029126213
22:00:00,22:15:00,Dic-Feb,Miércoles,12.090909090909092
22:00:00,22:15:00,Dic-Feb,Sábado,13.533333333333333
22:00:00,22:15:00,Dic-Feb,Viernes,16.747474747474747
22:00:00,22:15:00,Mar-Nov,Domingo,7.644444444444445
22:00:00,22:15:00,Mar-Nov,Jueves,11.739263803680982
22:00:00,22:15:00,Mar-Nov,Lunes,12.718654434250764
22:00:00,22:15:00,Mar-Nov,Martes,12.160990712074303
22:00:00,22:15:00,Mar-Nov,Miércoles,12.917981072555206
22:00:00,22:15:00,Mar-Nov,Sábado,10.390728476821192
22:00:00,22:15:00,Mar-Nov,Viernes,14.031339031339032
22:15:00,22:30:00,Dic-Feb,Domingo,9.064516129032258
22:15:00,22:30:00,Dic-Feb,Jueves,13.318181818181818
22:15:00,22:30:00,Dic-Feb,Lunes,10.946428571428571
22:15:00,22:30:00,Dic-Feb,Martes,11.950980392156863
22:15:00,22:30:00,Dic-Feb,Miércoles,11.416666666666666
22:15:00,22:30:00,Dic-Feb,Sábado,10.160493827160494
22:15:00,22:30:00,Dic-Feb,Viernes,12.903846153846153
22:15:00,22:30:00,Mar-Nov,Domingo,6.242424242424242
22:15:00,22:30:00,Mar-Nov,Jueves,9.6
22:15:00,22:30:00,Mar-Nov,Lunes,10.3671875
22:15:00,22:30:00,Mar-Nov,Martes,9.25089605734767
22:15:00,22:30:00,Mar-Nov,Miércoles,9.931818181818182
22:15:00,22:30:00,Mar-Nov,Sábado,5.934426229508197
22:15:00,22:30:00,Mar-Nov,Viernes,12.831168831168831
22:30:00,22:45:00,Dic-Feb,Domingo,3.0377358490566038
22:30:00,22:45:00,Dic-Feb,Jueves,9.211764705882352
22:30:00,22:45:00,Dic-Feb,Lunes,8.103092783505154
22:30:00,22:45:00,Dic-Feb,Martes,8.012345679012345
22:30:00,22:45:00,Dic-Feb,Miércoles,7.890410958904109
22:30:00,22:45:00,Dic-Feb,Sábado,9.657534246575343
22:30:00,22:45:00,Dic-Feb,Viernes,10.267441860465116
22:30:00,22:45:00,Mar-Nov,Domingo,2.360294117647059
22:30:00,22:45:00,Mar-Nov,Jueves,7.1965065502183405
22:30:00,22:45:00,Mar-Nov,Lunes,6.885106382978724
22:30:00,22:45:00,Mar-Nov,Martes,7.060344827586207
22:30:00,22:45:00,Mar-Nov,Miércoles,6.463963963963964
22:30:00,22:45:00,Mar-Nov,Sábado,6.844262295081967
22:30:00,22:45:00,Mar-Nov,Viernes,8.014981273408239
22:45:00,23:00:00,Dic-Feb,Jueves,5.341463414634147
22:45:00,23:00:00,Dic-Feb,Lunes,4.884057971014493
22:45:00,23:00:00,Dic-Feb,Martes,5.898305084745763
22:45:00,23:00:00,Dic-Feb,Miércoles,5.031746031746032
22:45:00,23:00:00,Dic-Feb,Sábado,6.096774193548387
22:45:00,23:00:00,Dic-Feb,Viernes,6.931506849315069
22:45:00,23:00:00,Mar-Nov,Jueves,4.265536723163842
22:45:00,23:00:00,Mar-Nov,Lunes,4.185185185185185
22:45:00,23:00:00,Mar-Nov,Martes,4.255102040816326
22:45:00,23:00:00,Mar-Nov,Miércoles,4.163934426229508
22:45:00,23:00:00,Mar-Nov,Sábado,4.031578947368421
22:45:00,23:00:00,Mar-Nov,Viernes,5.862385321100917
23:00:00,23:15:00,Dic-Feb,Jueves,3.019230769230769
23:00:00,23:15:00,Dic-Feb,Lunes,3.3508771929824563
23:00:00,23:15:00,Dic-Feb,Martes,2.8
23:00:00,23:15:00,Dic-Feb,Miércoles,2.979591836734694
23:00:00,23:15:00,Dic-Feb,Sábado,4.841269841269841
23:00:00,23:15:00,Dic-Feb,Viernes,3.491228070175439
23:00:00,23:15:00,Mar-Nov,Jueves,3.1890243902439024
23:00:00,23:15:00,Mar-Nov,Lunes,3.0949367088607596
23:00:00,23:15:00,Mar-Nov,Martes,2.6845238095238093
23:00:00,23:15:00,Mar-Nov,Miércoles,2.9221556886227544
23:00:00,23:15:00,Mar-Nov,Sábado,3.603448275862069
23:00:00,23:15:00,Mar-Nov,Viernes,3.62
23:15:00,23:30:00,Dic-Feb,Jueves,2.5365853658536586
23:15:00,23:30:00,Dic-Feb,Lunes,2.4166666666666665
23:15:00,23:30:00,Dic-Feb,Martes,2.2285714285714286
23:15:00,23:30:00,Dic-Feb,Miércoles,2.4146341463414633
23:15:00,23:30:00,Dic-Feb,Sábado,3.68
23:15:00,23:30:00,Dic-Feb,Viernes,2.8181818181818183
23:15:00,23:30:00,Mar-Nov,Jueves,2.28125
23:15:00,23:30:00,Mar-Nov,Lunes,2.556390977443609
23:15:00,23:30:00,Mar-Nov,Martes,1.9703703703703703
23:15:00,23:30:00,Mar-Nov,Miércoles,2.089430894308943
23:15:00,23:30:00,Mar-Nov,Sábado,2.944954128440367
23:15:00,23:30:00,Mar-Nov,Viernes,2.537974683544304
23:30:00,23:45:00,Dic-Feb,Sábado,2.488372093023256
23:30:00,23:45:00,Mar-Nov,Sábado,1.8
23:45:00,00:00:00,Dic-Feb,Sábado,1.8
23:45:00,00:00:00,Mar-Nov,Sábado,1.7571428571428571
